Mixture,B cells naive,B cells memory,Plasma cells,T cells CD8,T cells CD4 naive,T cells CD4 memory resting,T cells CD4 memory activated,T cells follicular helper,T cells regulatory (Tregs),T cells gamma delta,NK cells resting,NK cells activated,Monocytes,Macrophages M0,Macrophages M1,Macrophages M2,Dendritic cells resting,Dendritic cells activated,Mast cells resting,Mast cells activated,Eosinophils,Neutrophils,P-value,Correlation,RMSE,Absolute score (sig.score)
sample001,0.019222402200447,0,0.114905597309945,0.420459222588192,0.33548577504091,0,0.0950026014932625,0,0.145982420404085,0,1.00354369273805,0,0,0.0110461302308136,0,0,0.00238750466842464,0.097259996828525,0.0398190752843779,0,0,0.220567784966815,0,0.814617853860721,0.606216338868616,2.50568220375385
sample003,0.0192997007899503,0,0.135675234435604,0.250795730971407,0.381428169474693,0,0.0981617567052891,0.0277757193991969,0.0149847822414233,0,0.869104716680982,0,0.220191775213003,0,0,0,0,0.282841570180705,0.00697213370892443,0,0.00229251220103522,0.0453756376763431,0,0.795034090197383,0.647912048135573,2.35489943967856
sample004,0.0249262116110051,0,0.0834599067582203,0.767335542836175,0,0,0.241512221451318,0.0580922708732013,0,0,0.999896944042473,0,0.157967140871323,0.00124747505536795,0,0,0,0.152254513969322,0.0461376863863582,0,0,0.0926150018980888,0,0.814804803225961,0.606407738808623,2.62544491575285
sample005,0,0,0.0545307672779152,0.663035258650036,0.0246339498890049,0,0.287369551419127,0,0,0,0.938702387809979,0,0.219239778888365,0.0474134037487687,0,0,0,0.152181175199997,0.0903713409352574,0,0.00795081844793009,0.0715891815477902,0,0.828197297774595,0.604940732350852,2.55701761381417
sample006,0,0.0194370930121098,0.428643160886861,0.458397758881098,0.373612424691684,0,0.330241739683305,0,0,0,0.677930359891199,0,0.0184277910117851,0,0,0,0,0.0745587291532107,0.175945471686522,0,0.00449069613600769,0.138409505649333,0,0.840860906672636,0.629631331100078,2.70009473068312
sample007,0.168662422608178,0,1.10873873986662,0,0.643198743178341,0,0.1895697838479,0,0.0925529006585202,0,0.331102994757301,0,0,0.0355846692924944,0,0.0481097275754134,0,0.202191976623683,0.0550596742674443,0.00108745143666852,0.000931541392633434,0.298737536938314,0,0.818165422697126,0.642528408813467,3.17552816244351
sample008,0,0.0759324528340752,0.382210595630186,0.0976202587916147,0.788536387893429,0.110556762238436,0.121161696793792,0,0.0392177512836187,0,0.463066368696324,0,0,0.061030921207955,0,0.0483614383805822,0,0.058176411298887,0.0213427094842847,0,0,0.351354865708464,0,0.825327048979393,0.647162580285379,2.61856862024165
sample010,0,0.125052916070356,0.430926317072324,0,0.689982187785028,0,0.0951795564793353,0,0.0436227203826774,0,0.491581780787131,0,0.0086315973167816,0,0,0.155870143274812,0,0.218106059576331,0,0.0371683729199074,0,0.383233588475237,0,0.779833228606763,0.701120467143653,2.67935524013992
sample011,0,0.0270141107369206,0.326547884119063,0.0212752003622362,0.528933410697376,0.0103366400193778,0.108648402550757,0,0.0586306122858216,0,0.866284482515317,0,0,0,0,0.0637724189955362,0,0.225105684253825,0,0.0559917414062738,0,1.13374960055918,0,0.747518094982023,0.692657358710456,3.42629018850169
sample012,0.0271898013807059,0,0.0901985066941646,0,0.495632233255901,0,0.11282184062415,0,0.210527044790735,0,0.894810290316029,0,0,0.0334454745692785,0,0.149797431100901,0,0.162058577664688,0.0201210843738113,0.00440080009865044,0,1.02147221993582,0,0.76988049201864,0.669954796336724,3.22247530480484
sample013,0.169484309812328,0,0.889365647197588,0.0861428593221118,0.464304451555822,0,0.270173517841903,0,0.0404932607350513,0.0154320493902143,0.307324265333401,0,0,0.0152768143872073,0,0.132041662642585,0,0.236543110222311,0.104368027435158,0,0,0.556269750733564,0,0.824204085832516,0.663672640692587,3.28721972660924
sample014,0.179096952403869,0,0.860052818943108,0.0685420357201303,0.358489700509199,0,0.219794068070167,0,0.140148048201614,0,0.344607816153217,0,0,0.0485784628386663,0,0.0687999035398769,0,0.188955416900496,0.0115970889588696,0.0604835209334059,0,0.11845716025356,0,0.832655080484206,0.637865101170995,2.66760299342618
sample015,0.0977289152081353,0,0.107437213561756,0.0338331201581381,0.841685132532858,0.0998208349225282,0.199897858505642,0,0,0,0.673835618419571,0,0.0146766481174078,0.00121547637051768,0,0.0304625067044965,0,0.0979695742522789,0,0.0483300936814471,0.0012936824244392,0.409151304408718,0,0.78511228527807,0.667815551664822,2.65733797926793
sample017,0.0763420774479607,0,0.181745360130701,0.0225323327927712,0.746348140175354,0.0104630995328886,0.214446167509019,0,0,0,0.55241432467757,0,0.126398944302408,0,0,0.0256739818186712,0,0.217107308004075,0.00769707903293211,0.00285338049287324,0,0.295952398093109,0,0.791478186318821,0.682643644857684,2.47997459401033
sample018,0.0626005326060158,0,0.119681024419267,0.118606349730147,0.591271895535908,0,0.161840949456654,0,0.0485801472153699,0,0.728754565310179,0,0.0692983822473576,0,0,0.127329848808314,0,0.357947414150099,0,0,0,0.368833164220409,0,0.820317193139673,0.657117085080448,2.75474427369972
sample019,0.0548453021115017,0,0.0658573844036029,0.0894110744612387,0.687804442846502,0,0.143234595036424,0,0.0110414762484616,0,0.756031945629675,0,0.0995869783763783,0,0,0.0518709134194818,0,0.219887374801781,0.0852785792143298,0,0,0.409753510780639,0,0.823466614910531,0.644838335998314,2.67460357733002
sample020,0.138410079944206,0,0.915172020917734,0,0.593653075864714,0,0.211523503773924,0,0.118668987487758,0.00791289725838592,0.339537272946844,0,0,0.0114523529467402,0,0,0,0.187228207584991,0.0648810048566437,0,0.022841174551401,0.2210698566785,0,0.874137872267815,0.602263817580115,2.83235043481184
sample021,0.215410039257151,0,0.929707433554238,0,0.432143305662041,0,0.201347704395819,0,0.138977305859487,0,0.329656683498144,0,0,0,0,0.0453151976304656,0,0.158715270886178,0.0539217992536034,0,0,0.23531104309883,0,0.857622232423679,0.606224884361086,2.74050578309596
sample022,0.0420801016783299,0,0.105934308872674,0.135774578328369,0.525707187889851,0.292128333242944,0.18593207907882,0,0.0151303622301669,0,0.830201021717421,0,0,0.0236493348962042,0,0,0,0.0745790261602843,0,0.142855643130168,0,0.625033890143331,0,0.774708724274914,0.671588289181657,2.99900586736856
sample024,0.034068231083659,0,0.149742217687428,0.223610673013437,0.568046479305616,0.106541710183348,0.0956407785013451,0,0,0,0.871651429960361,0,0.166960912813848,0,0,0.0466193301110998,0,0.368749919742528,0,0.101873219678731,0.00214167628568717,0.254937098061986,0,0.772137008644887,0.686303037316969,2.99058367642908
sample025,0.0753263682326008,0,0.0881992770145708,0.487604335084778,0.414053705437937,0,0.173652969266812,0,0.0129660896954359,0,0.939752219628236,0,0.114315742121806,0,0,0.026316080833877,0,0.167490079605674,0,0.056370226893914,0,0.28817913200097,0,0.783525505432323,0.65619721160651,2.84422622581661
sample026,0.0841615634578987,0,0.0940512983525894,0.390410011366629,0.3965691008665,0.108907192887043,0.0698977239634481,0,0.0445372302767098,0,0.943740160647744,0,0.0749199935446004,0,0,0,0,0.28987496529384,0,0.0711543563505669,0,0.677110494646244,0,0.808467168378018,0.641733248238036,3.24533409165381
sample027,0.188316103557419,0,0.669928572139623,0.0174088739660185,0.381194101508365,0,0.02046628340734,0,0.153564181018966,0,0.446669184353454,0,0,0.0562632488938805,0.00327599353982465,0.0487746584391042,0,0.184388992522272,0.0495020823620576,0,0.0117002764282605,0.191395179490702,0,0.741507756394176,0.70953447570964,2.42284773162729
sample028,0.0700547304672077,0,0.166964484457491,0.064388254989293,0.883863433527295,0,0.152781729378539,0,0.0292342730605947,0,0.599404352164295,0,0.00315070242116064,0,0,0.0308213298702637,0,0.136703247343081,0.044548150814527,0,0,0.12381841361574,0,0.822230450459966,0.631632225495349,2.30573310210949
sample030,0.0340558279496946,0,0.250447549793745,0,0.72388824421493,0.0819219048443421,0.0166832123849635,0,0.0120485132192881,0,0.587196620890369,0,0.145681865692727,0,0,0,0,0.275357354327969,0.0130194335044975,0.0022238900938086,0,0.351648925283548,0,0.775355893824832,0.6890945517316,2.49417334219988
sample031,0.0366666407906546,0,0.19850662166098,0.116440850631856,0.55969361266591,0,0,0,0.106227254374028,0,0.589476103740933,0,0.241296220313433,0,0,0.0460351912105923,0,0.240875267843059,0.0117083810978324,0,0,0.321272577106843,0,0.765502363696082,0.69762588463026,2.46819872143612
sample032,0,0.01119159964227,0.10914895890994,0,0.546144034995498,0.182550207080689,0.0319633943917148,0,0.0776011053136295,0,0.611614048890254,0,0.284306525817498,0.0495311500864576,0,0.00237467039326778,0,0.314059747573523,0,0.0556113729103659,0,0.357956449962986,0,0.790605320376249,0.681905013374786,2.63405326596809
sample033,0.142731846134047,0,1.13399416723087,0,0.715543813636262,0,0.125854677441087,0,0.122130821713796,0,0.239003587529082,0,0,0.0327793556005264,0,0.0268830692210646,0,0.197909826171981,0.0409017352011768,0.0170848183542113,0.00345908624106508,0.378218953795624,0,0.854141431298833,0.607289277983563,3.1764957582708
sample034,0.0563406229951283,0,0.887209391674004,0.286932989404365,0.523109928735198,0,0.156465549537915,0,0.0672531871799941,0,0.364696779822816,0,0,0.0539948966627754,0,0.00931844299175525,0,0.146057725752481,0,0.05777776405189,0.0160533485269749,0.0988903588971881,0,0.831493919764893,0.630401227416705,2.72410098623249
sample035,0.00860936579937301,0.0460555334897481,0.184565130819227,0.0661968628448218,0.766939633203894,0.0548186305893727,0.25291941718294,0,0,0,0.599044080833306,0,0.0307867884788642,0,0,0.00253881181379769,0,0.0774433062603841,0,0.0712831951220381,0,0.526149952626203,0,0.765950095189057,0.68894734172433,2.68735070906397
sample036,0.0285705485176288,0,0.277247288110167,0,0.757781720683837,0,0.0690597219072173,0,0.0367288251657659,0,0.546567182713018,0,0.260552514922699,0,0,0.0172534232901326,0,0.261058713308269,0.0109052326821216,0,0,0.291794634015624,0,0.807454545770181,0.675658963514335,2.55751980531648
sample037,0.0412384514827998,0,0.153415508504482,0,0.633944460663994,0,0.0137800268307754,0,0.0767861432553833,0,0.604841751456479,0,0.228698921876255,0,0,0.005692295486215,0,0.292351228131946,0,0.0205498282615843,0,0.171472772985465,0,0.787912493792504,0.680408374049936,2.24277138893538
sample038,0.0474379756236744,0,0.127193795611571,0.109065780723539,0.676248793952425,0,0.106121210989426,0,0.136469868042979,0,0.700201431862778,0,0.0767441314301172,0,0,0.0717393594935354,0,0.182619126106329,0.0128406506206766,0,0,0.425985021371085,0,0.80626192952339,0.654798067132225,2.67266714582813
sample039,0.152750412316199,0,0.0814258562846232,0,0.644959508516992,0,0.124593316292755,0,0.105381574408942,0.00233595255812251,0.656015194325214,0,0.0889763361139325,0.00801969822209269,0,0.0184903697897709,0,0.148187722556504,0.0683655371123476,0,0,0.350133406858515,0,0.819349088070552,0.651696660119616,2.44963488535601
sample040,0.101362144805016,0,0.111164838914363,0,0.902948679840327,0,0.183099292253241,0,0.0597963090992813,0,0.491067712512163,0,0,0,0,0,0,0.20065102927456,0.0330973709376898,0.0809594174489299,0.0159780231239034,0.571614307639612,0,0.789299780364937,0.675357680615801,2.75173912584909
sample041,0.0533856641674374,0,0.141484362364195,0.0775301774679038,0.688444643832269,0.281119059692909,0.28810935382224,0,0,0.00680299846458737,0.722618272521156,0,0.0174630737408431,0.0270510528288425,0,0,0.0152213737831798,0.0943755926543653,0.0191763316631095,0,0.00855105746060566,0.188406224238875,0,0.798479748610109,0.649820958492718,2.62973923870252
sample042,0,0.0533038214459701,0.232300458928655,0.416144851219333,0.327597514689267,0.0946187940032662,0.0693629895990002,0.00777522079455094,0,0,0.764892910376817,0,0.0975667086028624,0,0,0.0356018525907233,0,0.288508703134503,0,0.0171733433977805,0,0.118422827779531,0,0.853969889293522,0.603397655744733,2.52326999656226
sample043,0,0,0.234830101954238,0.393996053956346,0.221151227478325,0.109856079337624,0.2180474617744,0,0,0,0.9080140282708,0,0.0304846102293532,0,0,0.054477592149799,0,0.229058921779098,0.001185662303194,0,0,0.163163174447017,0,0.842393045470211,0.602907064532688,2.56426491368019
sample044,0.0252627882895372,0,0.109608846652409,0.561458850618571,0.167423699232479,0.137930859236681,0.148447537651544,0.0439636101985066,0,0,0.913155920551758,0,0.030171213681886,0,0,0.0379372093545923,0,0.188484897693687,0.0428999174060401,0,0,0.147889138532937,0,0.858461574231145,0.568810963327626,2.55463448910063
sample045,0.140847056356487,0,0.108999132764183,0.281460157565265,0.678029832720698,0,0.0761537443886827,0,0.165353942109393,0,0.676520887907901,0,0,0.0651309862318979,0,0.0219341461390998,0,0.0839114464751724,0,0.026303022970922,0.00944716877084736,0.168777777139295,0,0.850531780379986,0.595066713484225,2.50286930153984
sample046,0.0365388136858624,0,0.161063439126849,0.153101448100759,0.763739313073419,0,0.208392506611854,0,0.0280993408686132,0.00276985633969107,0.774500476142461,0,0,0.015967734786389,0,0.0415309514471807,0.00990849738486106,0.101579209832161,0.0337937129455106,0,0.0296545836885264,0.246507925514444,0,0.82869461445136,0.626626641472213,2.60714780954858
sample047,0,0.0469694339175414,0.212597374812667,0.375756996798736,0.491827508212199,0.023032375790598,0.175397869705924,0,0,0,0.86230926449959,0,0.103733314642086,0,0,0,0,0.19924062143959,0.0148078300452892,0.00344044064407704,0.00575977434052385,0.181643002067746,0,0.827463706147326,0.622755565445387,2.69651580691657
sample048,0.02579106056064,0,0.178415800958626,0.351577590728663,0.40304907449333,0,0.233787317689447,0,0,0,0.975845724972166,0,0.0140715030952617,0,0,0.0327780819936813,0,0.175486005690836,0.075743306090827,0,0,0.137899684823899,0,0.845440993140375,0.595092454157026,2.60444515109738
sample049,0.0138426830467147,0,0.101208572757189,0.301626653464625,0.402979405402471,0,0.300649257862945,0,0.00121750376176144,0,1.06910959294102,0,0,0,0,0.0206164510137157,0,0.11527132598447,0.0633065668387499,0,0,0.302578153025533,0,0.858427849716111,0.575211259339132,2.69240616609919
sample050,0.0461783087948437,0,0.21657849428265,0.198648093684626,0.550749620476036,0,0.184033769338919,0,0.0234909268741173,0,0.933480002654926,0,0,0.0205283204269612,0.0879474328422545,0.0501635292792884,0,0.102632605961324,0.0174168852457074,0.0409944161766063,0,0.247920958094532,0,0.767498827740749,0.678229807083635,2.72076336413279
sample051,0.0278221464141316,0,0.177988813673704,0.0410076523050298,0.637959786396299,0.305370460828901,0.263596388137727,0,0,0,0.753710597306654,0,0,0.0372928696203504,0,0,0,0.0827057500777283,0.036807676970403,0,0,0.166406023251418,0,0.788766359708723,0.65617596990405,2.53066816498235
sample052,0.0400329823228711,0,0.21280335704876,0.346361500362309,0.443292033088831,0,0.11200576926225,0,0.00930689506904442,0,0.805216687634915,0,0.0856964544560862,0,0,0.0261204482661822,0,0.272666445960981,0,0,0,0.239810363718758,0,0.841887656295034,0.616919194296208,2.59331293719099
sample053,0.00357771716778932,0,0.181979263316696,0.351089615660689,0.230295261195122,0.0748353264938753,0.223838495674208,0.0331294175177976,0.0100017645392347,0,0.863276121329495,0,0.0904975508595602,0,0,0.0345162746211243,0,0.224675174105253,0.0432640952935297,0,0,0.047447306473081,0,0.849202868252626,0.596782767462114,2.41242338424746
sample054,0.0864601405750648,0,0.144698030680138,0.182718810678962,0.537711406104993,0,0.171307063772493,0,0.064325579731019,0,0.714638387585547,0,0.0274740052610231,0,0,0.0763833391535315,0,0.177053476785057,0.0520947893618413,0,0,0.63090031039623,0,0.849653077561288,0.623186975503465,2.8657653400859
sample055,0.0567722519777589,0.0183951884483231,0.0838452052558415,0.165426728242618,0.514175196286887,0.0194708881743257,0.191512659440344,0,0,0,0.855947484751154,0,0.00392429075501553,0,0,0.127278317926895,0,0.081011997474902,0,0.0990634466237888,0,0.478994933811399,0,0.773366467486451,0.676174053576714,2.69581858916925
sample056,0.0353444706275859,0,0.187022911921385,0.130966041565907,0.593051149080222,0,0.0948915794840783,0,0.0895840468395189,0,0.762659530325566,0,0.12314812034885,0,0,0,0.0049368887774721,0.191607809989339,0,0.0920164761471541,0,0.159350597900104,0,0.83851380226585,0.627272785294793,2.46457962300718
sample057,0.00408566330854955,0,0.0972984513190345,0.320880067315439,0.462670766559547,0,0.170378032266243,0.011396312064277,0.027366973798045,0,0.950605183340735,0,0.165317628795055,0,0,0.0165950682913707,0,0.199762548085004,0,0.00428815918335392,0,0.119022642283821,0,0.826354026436395,0.610512218453753,2.54966749661048
sample058,0.0619363445427472,0,0.111909061294478,0.15569167477581,0.598419389654695,0.0429266841075001,0.144178396104827,0,0.0374002802386863,0,0.920359090902189,0,0.1347512594322,0,0,0.0355757342704366,0,0.178359973336634,0,0.00241613621816969,0,0.271306386748052,0,0.815534893252777,0.634447356789523,2.69523041162643
sample059,0.14971999802438,0,0.155408955854167,0.0939383131748441,0.588127489139737,0,0.283647045896851,0,0.0804248910196799,0,0.429486152778374,0,0,0,0.00279182302843512,0,0,0.306383355941244,0,0.132968804993225,0.0117049988838457,0.036726724723342,0,0.825383045242087,0.660547047905935,2.27132855345813
sample094,0.0486165286115991,0.143306373413042,0.212510191765126,0.0476944944897256,0.91946736383089,0,0.195706703181849,0,0,0,0.363919813895633,0,0.00371049913550928,0.0138748523672176,0,0.0483361048695855,0,0.134303275481677,0.0202942751278019,0,0,0.312923826217404,0,0.774468219101751,0.688569820042287,2.46466430238706
sample095,0,0.265653234786943,0.455930097171868,0.0202319002649693,0.856959924344452,0,0.0872011208353266,0,0.0285082681273887,0,0.378130287519407,0,0.0327010623945368,0,0,0.0566042651780533,0,0.121889419772793,0.00754081786713354,0,0,0.203731441056739,0,0.836949831835305,0.63808853909203,2.51508183931961
sample096,0.154345076872347,0,0.203587700400479,0,0.600503758035697,0.299518330294105,0.19532643517771,0,0,0,0.310068906776668,0,0.0104300070011292,0.0186875962715066,0,0.0719166190870005,0,0.171822357498705,0.031301140372683,0,0,0.239446157897481,0,0.730200467337253,0.725771711585412,2.30695408568551
sample097,0.0923813330351817,0.0879651507193899,0.185040224436827,0,0.794173154973407,0.33053782522254,0.214230373513835,0,0,0,0.330122492660438,0,0.0138845495598399,0,0,0.0190576089067602,0,0.110887327053495,0.00752944069104335,0,0.01462463724424,0.0968105684531571,0,0.772505195228554,0.674672520641601,2.29724468647015
sample098,0.152354858373501,0.13983969650644,0.139004051787949,0.0024909752023585,0.845454687167343,0.00830717931586744,0.202415525893867,0,0.0438115113101922,0,0.399559400301075,0,0,0,0,0.0859812633240286,0,0.115910428893879,0.0173759139861417,0,0,0.17622413119797,0,0.792785485229488,0.67314608998378,2.32872962326061
sample099,0,0.186460252096657,0.257226218873102,0.0349801963280692,0.750532457141352,0.138939383592704,0.283696676900515,0,0,0,0.424542310371882,0,0.0178006767155622,0.0151997340827764,0,0.0152410857887595,0,0.152410840781654,0.00236849258610476,0,0,0.276134384980467,0,0.796846646194635,0.676183270867469,2.5555327102396
sample100,0,0.277362683007757,0.234795199371145,0.0105867111204682,0.858241663460146,0.0705288636694717,0.229832713711335,0,0,0,0.253562848694432,0,0,0,0,0.0577729734875332,0,0.143797387881746,0,0,0.0419921414145437,0.298154417925874,0,0.798014894238056,0.675652101859683,2.47662760374445
sample101,0.024537519413141,0.178718740257327,0.134472516498536,0.0299768737992207,0.744679732987215,0.24557374930959,0.183052988737802,0,0,0,0.377040804229285,0,0.0882816030887197,0.0246664179496086,0,0.075524347355668,0.00569036796864243,0.164237862919526,0,0.0210184567275157,0,0.344606089382006,0,0.780086976078669,0.690171322813058,2.6420780706238
sample102,0.0442066279490355,0.136378277832075,0.25635923083451,0.00760954777144993,1.03305141768401,0.0238901902740797,0.183125269233889,0,0,0,0.278030697448539,0,0,0,0,0.0434305203529037,0,0.157836095613691,0.00369904198492692,0,0,0.299585213053286,0,0.771196664622192,0.686095748687756,2.46720213003239
sample103,0.0238253962053329,0.219963012699894,0.233619506426707,0,0.876875190896134,0.1420850931547,0.140172056925305,0,0,0,0.453678199154007,0,0.0145586251992278,0.00606156985240147,0,0.030548855446055,0,0.134214389646923,0.0140529849903378,0,0,0.139369537018166,0,0.799682271779141,0.660523289125457,2.42902441761519
sample109,0,0.227249843000988,0.163522639788647,0,0.68577153115828,0.30476168405263,0.195214148461291,0,0,0,0.494909108139077,0,0.087891190664829,0,0,0.0181071401421954,0,0.252296298477262,0.0421201127374457,0,0,0.126809018006611,0,0.759278258093963,0.702111776774441,2.59865271462926
sample110,0.0939425419374231,0.0385663158371693,0.221156271700336,0.0291314255468378,0.835635807987267,0.0463953943959011,0.15777804350465,0,0.0793666142236913,0,0.367714948199243,0,0.0949813413607437,0,0.00730625911228452,0.0482788911273588,0,0.36099217995815,0,0.00386281350627531,0,0.268375689377715,0,0.739848794912393,0.721303255491201,2.65348453777505
sample112,0.0273138252446988,0.117950713560816,0.214703363567615,0.00887049819123743,0.651580359561167,0.141853709074216,0,0,0,0,0.368600472441519,0,0.204282399847445,0,0,0.0730119830194922,0,0.426534807946434,0,0.0108782018464675,0,0.468729917766528,0,0.757753850243989,0.712830507145838,2.71431025206764
sample113,0.112489474280795,0.0462206462263873,0.106470856017259,0,0.739904682496429,0.266537128223775,0.129652720940968,0,0,0,0.501380604209413,0,0.0347559575486652,0,0,0.0934484264166244,0,0.460607170867533,0,0,0.0239783605308159,0.253742695483939,0,0.72169102295721,0.729940980091247,2.76918872324261
sample114,0.00180518316410156,0.0746835110538737,0.263308818571775,0.00996702388211754,0.759392273558848,0,0.0171479127529661,0,0.00739001564410114,0,0.382292707892337,0,0.182026515694405,0,0.0452487821278779,0.0383367292105698,0,0.284767634976268,0.0343703670412411,0,0,0.435383710578541,0,0.779825265309342,0.696691826835531,2.53612118614902
sample116,0.312875962968616,0,0.260242670067707,0,0.984613735026438,0,0.14557136863017,0,0.0486370480030201,0,0.336680121050769,0,0.0363913414361056,0,0,0.0248549165157612,0,0.297453573370846,0,0.0140226681491834,0,0.466731466591984,0,0.736283174137016,0.71797251408619,2.9280748718106
sample117,0.00752501233589182,0.0493940617557564,0.249550366441594,0,1.10363850717173,0.104840045705947,0.189739768050274,0,0,0,0.473487602585351,0,0.0799083309059609,0,0,0.00111848644391432,0,0.30289861076239,0.00617868321323296,0.00878936483938828,0.00227216290101744,0.195939831102763,0,0.779389327261497,0.679823547540724,2.77528083421521
sample118,0.0463425909633256,0,0.209517158922386,0,0.961056459835353,0,0.0211776116246201,0,0.132991958936115,0,0.384707155301715,0,0.0904557978128617,0,0,0.0738009822009477,0,0.308818144129232,0.0953137058519111,0,0,0.183570836613992,0,0.78375286219916,0.686336043492302,2.50775240219246
sample121,0.280830350796642,0,0.118774064874149,0,0.957169869688607,0.319481716021451,0.133333367663385,0,0.0483836927203427,0,0.427176264499744,0,0.0453560919173954,0,0,0.0210504695080855,0,0.215313439010331,0.00124923648738429,0,0,0.307750965625916,0,0.74747039965422,0.697921190052282,2.87586952881343
sample123,0.00767091955878166,0.000813645754587835,0.12310715814059,0,1.11599461885896,0.486281270878648,0.228131077999699,0,0,0,0.293167636320495,0,0.0196714691163427,0,0,0.0308285203732877,0,0.195616589616967,0.0401899178638812,0,0.0200794138982236,0.142009904363262,0,0.783851443422168,0.652743203849632,2.70356214274372
sample124,0.0162277912998932,0.0682204731273161,0.491926881468151,0.0554644573155346,0.439502196690575,0.0823591749342716,0.181778677062647,0,0.0153782491543113,0.0164534235407431,0.402287818749376,0,0.340031915104016,0,0,0.0480462654695049,0,0.240194795138182,0,0.0253555158712665,0.00921676519781192,0.72351696203592,0,0.773295121393177,0.699353106846415,3.15596136215952
sample126,0,0.114599516816874,0.452706351445184,0,0.698804232403275,0,0.0560039343559181,0,0.148343656146392,0.0495937550616959,0.248626200936699,0,0.156944089405294,0.0541405174667457,0,0.0411213089829857,0,0.294066165399534,0,0.0165818018172045,0.0427637373988472,0.28583015839336,0,0.815654392226381,0.680545395010339,2.66012542603001
sample127,0.114109584172267,0,0.120078755024869,0,0.721336470288793,0,0.226513804825276,0,0.110443520251082,0,0.428365369224068,0,0.241362713421454,0,0,0.00515502205969711,0,0.3812213403868,0.065506434861494,0,0.0174524250339517,0.188240387833143,0,0.649252711422588,0.784413265767031,2.61978582738289
sample128,0.0677006802536652,0,0.27657768726972,0,0.608959423594286,0,0.0629167508824279,0,0.0797054403188432,0,0.458909830962218,0,0.400483556312962,0.150368708988452,0,0.0882197113098638,0,0.327017561057587,0,0.0197639179893073,0.0212586937314176,0.364135223715523,0,0.819754586439534,0.68593081612147,2.92601718638627
sample129,0.0924331304002858,0.0160568228485183,0.173686685817377,0,0.55995179714285,0,0.0960162345464363,0,0.0438697838556875,0.0542074707237086,0.174181951854851,0,0.0223424236929748,0.129038511802738,0,0.226353527992392,0,0.356989148209865,0.06857230391132,0,0.0626968678238761,0.557370573975963,0,0.752341950819525,0.722951180667283,2.63376723459884
sample133,0.0113540962998151,0.111033862422495,0.263949643269308,0,0.748327330635737,0.353688770883122,0.276384991974001,0,0,0,0.47496757870877,0,0,0,0,0.0141475858503701,0,0.120359306376916,0,0,0.0237838844941767,0.175553757463745,0,0.743160058634214,0.70376228088857,2.57355080837846
sample134,0.0126894294813953,0.186863001922856,0.104052668874349,0,0.819787417306532,0.294683037238669,0.231847542191958,0,0,0,0.43145004361852,0,0,0,0,0.0542633557349514,0,0.179752215506787,0,0.0117254688591037,0.0338649975021234,0.295962400155788,0,0.709109340694376,0.731787386379251,2.65694157839303
sample135,0.18611059591074,0.0213494286537371,0.14146690846636,0,0.789584190747849,0.36022031534057,0.19110263502896,0,0,0.0518693209736839,0.422677093125311,0,0,0,0,0.0310316028734804,0,0.10476358842604,0,0.00966430669284134,0.00627673228285051,0.455036724724838,0,0.715327200913493,0.722754089308918,2.77115344324726
sample136,0.0618676674737955,0.0999904515126403,0.0621051190761761,0,0.924286782480759,0.487072385560691,0.229039537744855,0,0,0,0.367043653268376,0,0,0,0,0.0114144726368404,0,0.129084247836625,0,0,0.0237552730895899,0.312815382072418,0,0.698420045998678,0.72799374668172,2.70847497275277
sample137,0.0987724126729755,0.0487852361090613,0.0690990300886807,0,0.82688296147412,0.367443338778865,0.225516381296403,0,0,0,0.506180243613233,0,0.0124127826631654,0,0,0.0125996285942358,0.0180693906979133,0.112272242543039,0.0143770474079963,0,0,0.11738276271843,0,0.711431130451997,0.717068280001235,2.42979345865812
sample143,0.202973222930662,0.0563066480048647,0.208395157420361,0.00370104977439044,0.71300154209416,0.239553807864693,0.138915505635073,0,0,0,0.487608218685148,0,0.0291236897017687,0,0,0.0609830631503316,0.000115255173303254,0.229663896347554,0,0.027922392819628,0,0.31091138665806,0,0.749639353038366,0.710587204362568,2.70917483626
sample144,0.132233509774676,0.0450505299723405,0.0886890381206172,0,0.745235876629219,0.31343786989398,0.169165548057912,0,0,0,0.47051818205504,0,0.00782700026311926,0,0,0.0657291451044982,0,0.477411557785298,0,0.0644937480208094,0.00724961195656449,0.491275554473646,0,0.710478794956614,0.738827197700649,3.07831717210772
sample145,0.176544267490629,0,0.223207413030198,0.00866351660821734,0.713128716096389,0.164425784406204,0.157434706475413,0,0,0,0.629511815466343,0,0.0399718088280309,0,0,0.0603267741268815,0,0.386825476754829,0,0.0102232052319788,0,0.33860223734251,0,0.71125865719925,0.738844100481772,2.90886572185762
sample146,0.0778788959348212,0.0723476650964354,0.0970402451095566,0,1.0473214620289,0.0255349961251919,0.0985607165456714,0,0.0330147290507894,0,0.591475342197725,0,0.154260065521415,0.00786433707101354,0.000330954823798868,0.0233030984317025,0,0.206435973660515,0.0196093792525239,0,0,0.0586224718826667,0,0.721390187061245,0.715827111207955,2.51360033273273
sample147,0.0318316406672377,0.114880322501585,0.298811556671031,0,0.925334097872793,0.0343038116748804,0.138530153346164,0,0,0,0.509699707541895,0,0.0753808459836062,0,0,0.0970610279554704,0,0.278907617708902,0.00217240159378414,0.00140467405974067,0,0.462480907512024,0,0.739555028943256,0.721706920114353,2.97079876508911
sample148,0.0795263229196814,0.0266439950570858,0.170115273529701,0.0205067299231598,0.56687097708478,0.238286773663217,0.154720166939157,0,0,0,0.605878078591716,0,0.10551647381396,0,0.00619541935691826,0.063278001537045,0,0.311527692412987,0,0,0,0.272083319768429,0,0.767282282911565,0.70010049438432,2.62114922459784
sample149,0.116744550317418,0,0.180274472482418,0,0.919982310906139,0.00707133538007334,0.0719587247299641,0,0.0799794512479294,0,0.662262618056074,0,0.0771600182895756,0,0,0.0717681784084832,0,0.339516778931226,0,0.0154323433403878,0,0.369931671612897,0,0.803895877421882,0.668508022031204,2.91208245370259
sample150,0.194594343404584,0,0.164080910103091,0,0.941319923775921,0,0.12629503118497,0,0.0639185532298038,0,0.563370974377542,0,0.08133910729848,0,0,0.0462412595601547,0,0.269906455514755,0,0.0360391278261345,0,0.259452931827896,0,0.773287706768457,0.691453920471891,2.74655861810333
sample151,0.148188752233613,0,0.107199934972189,0,0.74186604266097,0.314768157378959,0.066852027123715,0,0,0,0.487739120830527,0,0.0338333894747669,0,0.0122440199667886,0.0645007918997266,0,0.390187416141688,0,0.0590797932427525,0,0.841335411680278,0,0.748869507967964,0.703061583234015,3.26779485760597
sample152,0.0393394608754373,0.0966149335291471,0.160205889049705,0,0.519422030667961,0.22083284289577,0.119343694066552,0,0,0,0.649697731272728,0,0.0640406925048391,0,0.0231833421074061,0.0826695319075208,0.00262891688367382,0.236566769701165,0,0,0,0.631272804285179,0,0.679722814920358,0.754312164893276,2.84581863974708
sample153,0.058461832810194,0.0715564879522852,0.091523573315531,0,0.593403028928708,0.378023888324893,0.214247025282177,0,0.0416565495617496,0,0.642028770027299,0,0.078481481362485,0,0,0.0222250740844726,0,0.203571946509722,0,0,0,0.195101339424147,0,0.781658023839114,0.673006322322269,2.59028099758366
sample154,0.105700620334431,0,0.0789700561115545,0,0.88010210917782,0.236470307202155,0.170625405312681,0,0,0,0.605673395265311,0,0,0,0,0.0718973888039383,0,0.257238498000864,0.0272056361142207,0,0,0.576742588944821,0,0.791363241211794,0.668443243696068,3.0106260052678
sample155,0.213184185390739,0,0.0694581764091804,0.0319730010198366,0.818728717968661,0.0864028331425124,0.105094913372433,0,0.139002387022607,0,0.620498749217423,0,0.131505627365039,0,0.00342530468885623,0.0277830501071361,0,0.136573270593331,0.00133066157149245,0,0,0.169123301409239,0,0.79338701712474,0.659306997205641,2.55408417927849
sample156,0.147961034386908,0,0.0647487578681063,0,1.12002756285731,0.214038995443788,0.118057784553905,0,0,0,0.462740534895415,0,0.0338980162889601,0,0,0.00318595947056121,0,0.271764738385457,0,0,0,0.480444392817866,0,0.799168586208761,0.652654073420136,2.91686777696828
sample157,0.183538069205629,0,0.0513232803757603,0,0.788978999234807,0.143203571451706,0.0843214137549288,0,0.0183589555682926,0,0.504620643817617,0,0.152813089349112,0,0.0503918269320292,0.0825180856173124,0,0.156521557902217,0,0.0196306112249673,0,0.680422485679403,0,0.744263121948933,0.705310332833752,2.91664259011378
sample158,0.19417770440744,0,0.0647485984288647,0,0.656556059023298,0.0562430110584502,0.108233091672071,0,0.112891755753815,0,0.577631977512089,0,0.258892970275804,0,0.0405814432966058,0,0,0.117807987493191,0.0602947154156896,0,0,0.343467007067126,0,0.770414789667059,0.694439331011739,2.59152632140444
sample159,0.117169985919311,0,0.078627737795647,0,0.977645765422768,0,0.210968892633363,0,0.106869960713554,0,0.522171867945775,0,0.070518473614002,0.00918876326543375,0,0.0872516796885518,0,0.140694867013375,0.0393824437177753,0,0,0.354123330501788,0,0.779179488766566,0.681310227413947,2.71461376823134
sample160,0.197336157710047,0,0.0449097740340867,0,0.85057000423118,0,0.105622926224629,0,0.0685963369784497,0,0.531622745113221,0,0.1918149347529,0,0,0.170514214736947,0,0.180149711428149,0,0,0,0.241860479449353,0,0.78447272600959,0.686296010096246,2.58299728465896
sample161,0.125198767503185,0,0.105913616390698,0,0.634799071944433,0.0377912935721186,0.116741105774739,0,0.0347812839540803,0,0.543101971216218,0,0.140804448059955,0.0160959222337477,0.011633714758123,0.110006950339567,0,0.28369292906306,0.0320591116494352,0,0,0.60423439825194,0,0.794423444581763,0.681183239885592,2.7968545847113
sample162,0.21077922447812,0,0.0766889165582566,0,0.942002689829091,0,0.0641397200679952,0,0.043901532176054,0,0.493054795880425,0,0.143450612750935,0.0209525053503951,0.00925444112546783,0.0569267002150433,0,0.119020646608071,0.00829476970762044,0,0,0.475798365684028,0,0.756656038549741,0.695952687356682,2.6642649204315
sample163,0.177827721575288,0,0.252608289791871,0,0.719800629110042,0,0.0806638424404994,0,0.160292786976416,0,0.280550766314683,0,0.0557983136019982,0.0675726943496424,0,0.123526227651252,0,0.139621627723264,0,0.0542549070064041,0,0.0793340810021235,0,0.651551296759906,0.7774903624114,2.19185188754348
sample164,0.0848426830850554,0.221273404995817,0.483079944762432,0.104246404541115,0.659269978331808,0,0.118979993668424,0,0.0386458129991494,0,0.276638943287155,0,0.436953266034178,0.053056853988605,0,0.0358058752552319,0,0.197487135656285,0.0246873839304529,0,0,0.696894991765087,0,0.780569512170694,0.692129938143876,3.4318626723008
sample165,0,0.254403879498379,0.496179328856166,0.0668912875042872,0.710886695767007,0,0.235174141864904,0,0.137348253719285,0,0.332647340439488,0,0.366242535520383,0.0129820073990839,0,0.0815563762440776,0,0.157937241648926,0,0.00596720108783722,0,0.409504630457347,0,0.800307891120389,0.690719099563499,3.26772092000717
sample166,0.10966050167707,0,0.0420633711423454,0,1.05409406917638,0.141209684404465,0.174469773248309,0,0.0448975645569282,0,0.4631568062297,0,0.0570981810488421,0.0731558300569658,0,0.0245155696573638,0,0.121326031033907,0.0306742324051308,0,0,0.415202178133854,0,0.726499735184387,0.712230362784031,2.75152379277126
sample167,0.00734763637986689,0.109620071365872,0.303346250190473,0,0.694324455057892,0,0.107546156880572,0,0.015036945238982,0.00517078489705117,0.325113786611037,0,0.112979377177292,0.128270831110824,0,0.148568358765316,0,0.161538759698991,0.0540130800308637,0,0,0.581827745593573,0,0.772531383929634,0.705384664998162,2.75470423899861
