"Protein","lfc","padj","Significant","Regulation","Species","Strain","Daterange"
"Factor IX",8.90030749887151,8.12952340513527e-06,TRUE,"Up","Cyno","Malale","4"
"VCAM-1",-4.71324527084477,0.360187128528572,FALSE,"None","Cyno","Malale","4"
"IP-10",4.31304310727499,2.21039471153503e-13,TRUE,"Up","Cyno","Malale","4"
"OPN",-4.31119851658916,0.675906653257232,FALSE,"None","Cyno","Malale","4"
"MMP-9",-3.49169374061111,0.675906653257232,FALSE,"None","Cyno","Malale","4"
"Tissue factor",3.0346907437253,0.0420022030775306,TRUE,"Up","Cyno","Malale","4"
"Fibrinogen",-2.37362016764188,0.432599947993371,FALSE,"None","Cyno","Malale","4"
"MPO",-2.28449013978008,0.82278828563729,FALSE,"None","Cyno","Malale","4"
"MCP-1",2.04793086991333,0.0665774891225352,FALSE,"None","Cyno","Malale","4"
"IL-18",1.5287004946214,0.840358515010039,FALSE,"None","Cyno","Malale","4"
"I-TAC",1.38056845833693,0.177018520152004,FALSE,"None","Cyno","Malale","4"
"Eotaxin",1.16040996947331,0.177018520152004,FALSE,"None","Cyno","Malale","4"
"Prothrombin",-1.12740430413082,0.31182064574961,FALSE,"None","Cyno","Malale","4"
"D-dimer",-1.11305378974556,0.770297408550453,FALSE,"None","Cyno","Malale","4"
"Factor XIII",-1.08643407268184,0.770297408550453,FALSE,"None","Cyno","Malale","4"
"RANTES",-1.03789371567376,0.549746325995471,FALSE,"None","Cyno","Malale","4"
"IL-8",-0.937840680270513,0.770297408550453,FALSE,"None","Cyno","Malale","4"
"IFN-B",0.825041517104613,0.376431731247553,FALSE,"None","Cyno","Malale","4"
"sST2",0.666867464113533,0.82278828563729,FALSE,"None","Cyno","Malale","4"
"ICAM-1",-0.647232170442587,0.861461801266339,FALSE,"None","Cyno","Malale","4"
"NGAL",-0.63533953851552,0.82278828563729,FALSE,"None","Cyno","Malale","4"
"IL-6",0.63467861558301,0.861461801266339,FALSE,"None","Cyno","Malale","4"
"PSGL-1",-0.629360064348848,0.861461801266339,FALSE,"None","Cyno","Malale","4"
"sFlt-1",0.628279046889745,0.675906653257232,FALSE,"None","Cyno","Malale","4"
"PIGF",0.618677291898205,0.82278828563729,FALSE,"None","Cyno","Malale","4"
"TIE-2",0.601266774516411,0.376431731247553,FALSE,"None","Cyno","Malale","4"
"MIP-1B",0.600583605199402,0.82278828563729,FALSE,"None","Cyno","Malale","4"
"IL-12p40",-0.584466504687434,0.82278828563729,FALSE,"None","Cyno","Malale","4"
"TNF-a",-0.577051120067237,0.861461801266339,FALSE,"None","Cyno","Malale","4"
"IGFBP-4",0.555815358166395,0.549746325995471,FALSE,"None","Cyno","Malale","4"
"sRAGE",0.555477243941418,0.696525662596909,FALSE,"None","Cyno","Malale","4"
"MIG",0.541108379070805,0.861461801266339,FALSE,"None","Cyno","Malale","4"
"TIE-1",0.507218402347487,0.770297408550453,FALSE,"None","Cyno","Malale","4"
"Antithrombin",-0.499942362637217,0.52349309549284,FALSE,"None","Cyno","Malale","4"
"Myoglobin",-0.444593193477139,0.861461801266339,FALSE,"None","Cyno","Malale","4"
"GM-CSF",-0.431675743846776,0.861461801266339,FALSE,"None","Cyno","Malale","4"
"sCD40L",0.413868932265366,0.82278828563729,FALSE,"None","Cyno","Malale","4"
"PAI-1",0.366071330726491,0.82278828563729,FALSE,"None","Cyno","Malale","4"
"LIGHT",-0.326293519634989,0.906647960901263,FALSE,"None","Cyno","Malale","4"
"P-Selectin",0.238850215678655,0.770297408550453,FALSE,"None","Cyno","Malale","4"
"IL-17A",-0.230477626064015,0.861461801266339,FALSE,"None","Cyno","Malale","4"
"IFN-g",-0.224259324501421,0.861461801266339,FALSE,"None","Cyno","Malale","4"
"IL-10",0.214889437689208,0.861461801266339,FALSE,"None","Cyno","Malale","4"
"IL-1B",-0.204781712325664,0.861461801266339,FALSE,"None","Cyno","Malale","4"
"Cystatin C",-0.177597045159338,0.861461801266339,FALSE,"None","Cyno","Malale","4"
"IL-23",-0.17248651284997,0.865708432697288,FALSE,"None","Cyno","Malale","4"
"MMP-2",-0.139062473611979,0.840358515010039,FALSE,"None","Cyno","Malale","4"
"MRP8/14",0.107569664590699,0.865708432697288,FALSE,"None","Cyno","Malale","4"
"tPA",-0.0123429847047589,0.981012363977296,FALSE,"None","Cyno","Malale","4"
"Factor IX",9.61550226927156,8.08450397038314e-07,TRUE,"Up","Cyno","Malale","7"
"IP-10",5.23702188223701,1.69128604417332e-17,TRUE,"Up","Cyno","Malale","7"
"MMP-9",4.36288270651592,0.433049848739575,FALSE,"None","Cyno","Malale","7"
"IFN-B",4.28194385909941,2.78332451920661e-13,TRUE,"Up","Cyno","Malale","7"
"Tissue factor",4.12387529700246,0.000490331922798837,TRUE,"Up","Cyno","Malale","7"
"MIG",3.36276530841205,0.0490456575321715,TRUE,"Up","Cyno","Malale","7"
"I-TAC",3.13147068262536,8.64636004134724e-06,TRUE,"Up","Cyno","Malale","7"
"MCP-1",2.76016039471404,0.00141206932193743,TRUE,"Up","Cyno","Malale","7"
"PAI-1",2.60481412680802,0.000145170216374412,TRUE,"Up","Cyno","Malale","7"
"tPA",2.13092134949264,0.000601861216516586,TRUE,"Up","Cyno","Malale","7"
"IL-18",-1.95132700160144,0.948812671412386,FALSE,"None","Cyno","Malale","7"
"IL-6",1.81083471176177,0.697980861024036,FALSE,"None","Cyno","Malale","7"
"Eotaxin",1.57599000127677,0.0112707910449817,TRUE,"Up","Cyno","Malale","7"
"Fibrinogen",-1.5690555628261,0.697980861024036,FALSE,"None","Cyno","Malale","7"
"D-dimer",-1.43036263969686,0.598873829575749,FALSE,"None","Cyno","Malale","7"
"Prothrombin",-1.2708732906048,0.0978876421927251,FALSE,"None","Cyno","Malale","7"
"LIGHT",-1.23205064681878,0.948812671412386,FALSE,"None","Cyno","Malale","7"
"IGFBP-4",1.14544678647541,0.0162020012172945,TRUE,"Up","Cyno","Malale","7"
"PSGL-1",-1.13600315618633,0.948812671412386,FALSE,"None","Cyno","Malale","7"
"sST2",1.07048848092253,0.697980861024036,FALSE,"None","Cyno","Malale","7"
"Myoglobin",1.04464149940647,0.82257294076651,FALSE,"None","Cyno","Malale","7"
"VCAM-1",1.02718030499579,0.948812671412386,FALSE,"None","Cyno","Malale","7"
"MIP-1B",0.860444752657703,0.82257294076651,FALSE,"None","Cyno","Malale","7"
"OPN",0.741744375519884,0.962357928350786,FALSE,"None","Cyno","Malale","7"
"GM-CSF",0.641281146202482,0.948812671412386,FALSE,"None","Cyno","Malale","7"
"Factor XIII",0.610413510427403,0.948812671412386,FALSE,"None","Cyno","Malale","7"
"P-Selectin",0.543753058580362,0.130490723205983,FALSE,"None","Cyno","Malale","7"
"IL-12p40",-0.523848537539768,0.948812671412386,FALSE,"None","Cyno","Malale","7"
"IL-10",0.512590915934672,0.948812671412386,FALSE,"None","Cyno","Malale","7"
"Antithrombin",-0.508373961209312,0.426913113711971,FALSE,"None","Cyno","Malale","7"
"IFN-g",0.446370495439286,0.948812671412386,FALSE,"None","Cyno","Malale","7"
"NGAL",-0.365197285114263,0.948812671412386,FALSE,"None","Cyno","Malale","7"
"ICAM-1",-0.334907435740207,0.962357928350786,FALSE,"None","Cyno","Malale","7"
"PIGF",-0.328800461355328,0.948812671412386,FALSE,"None","Cyno","Malale","7"
"TIE-1",0.328360811564661,0.948812671412386,FALSE,"None","Cyno","Malale","7"
"RANTES",0.306436030916968,0.948812671412386,FALSE,"None","Cyno","Malale","7"
"Cystatin C",-0.27055280110012,0.948812671412386,FALSE,"None","Cyno","Malale","7"
"MPO",-0.211556519003254,0.968411780142682,FALSE,"None","Cyno","Malale","7"
"IL-8",0.184928898936084,0.962357928350786,FALSE,"None","Cyno","Malale","7"
"sCD40L",-0.134925336006466,0.962357928350786,FALSE,"None","Cyno","Malale","7"
"TIE-2",0.129966414051811,0.948812671412386,FALSE,"None","Cyno","Malale","7"
"IL-23",0.121139609419014,0.962357928350786,FALSE,"None","Cyno","Malale","7"
"IL-1B",0.114246702838936,0.962357928350786,FALSE,"None","Cyno","Malale","7"
"IL-17A",-0.109960960938508,0.962357928350786,FALSE,"None","Cyno","Malale","7"
"sFlt-1",-0.102335412709763,0.962357928350786,FALSE,"None","Cyno","Malale","7"
"TNF-a",0.0868569821346554,0.968411780142682,FALSE,"None","Cyno","Malale","7"
"MMP-2",-0.0544984791309027,0.962357928350786,FALSE,"None","Cyno","Malale","7"
"MRP8/14",-0.0199471318210733,0.968411780142682,FALSE,"None","Cyno","Malale","7"
"sRAGE",0.0192878329216093,0.968411780142682,FALSE,"None","Cyno","Malale","7"
"Factor IX",9.56073182329939,9.37143502022476e-07,TRUE,"Up","Cyno","Malale","10"
"IP-10",4.77103700430049,1.95363684376814e-15,TRUE,"Up","Cyno","Malale","10"
"MMP-9",4.72053124002907,0.318633943280802,FALSE,"None","Cyno","Malale","10"
"Tissue factor",4.3863041273794,0.000153865363635629,TRUE,"Up","Cyno","Malale","10"
"MIG",3.26275703218606,0.0602870370944444,FALSE,"None","Cyno","Malale","10"
"I-TAC",3.20580552625109,5.08810636560964e-06,TRUE,"Up","Cyno","Malale","10"
"PAI-1",3.02405815724191,7.52380925555251e-06,TRUE,"Up","Cyno","Malale","10"
"IFN-B",2.81927880130145,6.44831342689989e-07,TRUE,"Up","Cyno","Malale","10"
"tPA",2.6390984786712,1.58585449724202e-05,TRUE,"Up","Cyno","Malale","10"
"MCP-1",2.58149988945103,0.00293226184445761,TRUE,"Up","Cyno","Malale","10"
"Fibrinogen",-2.160443524662,0.355303246359991,FALSE,"None","Cyno","Malale","10"
"Prothrombin",-2.04959309560211,0.00226612067777334,TRUE,"Down","Cyno","Malale","10"
"IL-18",2.04130333311739,0.75165065749393,FALSE,"None","Cyno","Malale","10"
"IL-6",1.78250547078254,0.591218226782934,FALSE,"None","Cyno","Malale","10"
"D-dimer",-1.73015120316918,0.340853831911241,FALSE,"None","Cyno","Malale","10"
"LIGHT",-1.63735252302286,0.7727391277923,FALSE,"None","Cyno","Malale","10"
"Factor XIII",-1.24214389297313,0.619225447709124,FALSE,"None","Cyno","Malale","10"
"OPN",1.18064691473399,0.914809568258583,FALSE,"None","Cyno","Malale","10"
"sCD40L",-1.05129975851404,0.184059929628471,FALSE,"None","Cyno","Malale","10"
"VCAM-1",0.967578107536069,0.91162698868433,FALSE,"None","Cyno","Malale","10"
"IGFBP-4",0.911205007639261,0.0750129820621081,FALSE,"None","Cyno","Malale","10"
"MIP-1B",0.877471271347275,0.638554242079968,FALSE,"None","Cyno","Malale","10"
"Cystatin C",-0.864652983985501,0.370477481201644,FALSE,"None","Cyno","Malale","10"
"Eotaxin",0.833792505717017,0.315367019233343,FALSE,"None","Cyno","Malale","10"
"Antithrombin",-0.75979924218397,0.0825206768729796,FALSE,"None","Cyno","Malale","10"
"Myoglobin",-0.72613520822815,0.788403347148876,FALSE,"None","Cyno","Malale","10"
"PIGF",-0.681187460368776,0.75165065749393,FALSE,"None","Cyno","Malale","10"
"P-Selectin",0.665561230813957,0.0498406098057054,FALSE,"None","Cyno","Malale","10"
"IL-10",0.609807270658791,0.75165065749393,FALSE,"None","Cyno","Malale","10"
"sRAGE",-0.544347616551009,0.591218226782934,FALSE,"None","Cyno","Malale","10"
"sFlt-1",-0.514978145351233,0.619225447709124,FALSE,"None","Cyno","Malale","10"
"sST2",0.506059826053342,0.863345986232963,FALSE,"None","Cyno","Malale","10"
"RANTES",0.505416090500821,0.7727391277923,FALSE,"None","Cyno","Malale","10"
"TIE-2",-0.482680568623909,0.370477481201644,FALSE,"None","Cyno","Malale","10"
"ICAM-1",-0.480478896234541,0.926062929376505,FALSE,"None","Cyno","Malale","10"
"TNF-a",0.469348099180045,0.91162698868433,FALSE,"None","Cyno","Malale","10"
"GM-CSF",0.448586623470552,0.914809568258583,FALSE,"None","Cyno","Malale","10"
"IFN-g",0.3638538592405,0.91162698868433,FALSE,"None","Cyno","Malale","10"
"MRP8/14",0.314922402641798,0.788403347148876,FALSE,"None","Cyno","Malale","10"
"IL-12p40",-0.258583572362259,0.914809568258583,FALSE,"None","Cyno","Malale","10"
"IL-8",0.23411363200097,0.926062929376505,FALSE,"None","Cyno","Malale","10"
"MMP-2",0.226361138210681,0.638554242079968,FALSE,"None","Cyno","Malale","10"
"TIE-1",-0.209345821493844,0.91162698868433,FALSE,"None","Cyno","Malale","10"
"NGAL",-0.198617450232618,0.926062929376505,FALSE,"None","Cyno","Malale","10"
"IL-17A",0.103476332861374,0.969770483195871,FALSE,"None","Cyno","Malale","10"
"MPO",-0.091143819733448,0.976630844543855,FALSE,"None","Cyno","Malale","10"
"PSGL-1",-0.0848689375783085,0.976630844543855,FALSE,"None","Cyno","Malale","10"
"IL-23",-0.0531881745601979,0.976630844543855,FALSE,"None","Cyno","Malale","10"
"IL-1B",-0.0363903602859832,0.976630844543855,FALSE,"None","Cyno","Malale","10"
"Factor IX",9.84978299466764,1.0193011484626e-08,TRUE,"Up","Cyno","Malale","≥14/Term"
"MMP-9",5.67260699542305,0.0658724840546155,FALSE,"None","Cyno","Malale","≥14/Term"
"LIGHT",-5.16791735694636,0.0321838424260175,TRUE,"Down","Cyno","Malale","≥14/Term"
"IP-10",4.68755945951267,3.43334094327037e-18,TRUE,"Up","Cyno","Malale","≥14/Term"
"Tissue factor",4.60175779658198,4.32044934317906e-06,TRUE,"Up","Cyno","Malale","≥14/Term"
"IL-6",4.17300159960738,0.0112213467176956,TRUE,"Up","Cyno","Malale","≥14/Term"
"sST2",3.99668429814082,4.05860171327269e-05,TRUE,"Up","Cyno","Malale","≥14/Term"
"I-TAC",3.39329123310021,3.67308776849331e-08,TRUE,"Up","Cyno","Malale","≥14/Term"
"MIG",3.24530581928332,0.0151320871965467,TRUE,"Up","Cyno","Malale","≥14/Term"
"PAI-1",3.12303202704852,1.24496558091669e-07,TRUE,"Up","Cyno","Malale","≥14/Term"
"MCP-1",2.82779483944209,0.000100968580572605,TRUE,"Up","Cyno","Malale","≥14/Term"
"tPA",2.44054574926355,4.32044934317906e-06,TRUE,"Up","Cyno","Malale","≥14/Term"
"Prothrombin",-2.40023742611077,2.10537762931125e-05,TRUE,"Down","Cyno","Malale","≥14/Term"
"IL-10",1.99116652152702,0.0151320871965467,TRUE,"Up","Cyno","Malale","≥14/Term"
"D-dimer",-1.92318010418894,0.11419487916996,FALSE,"None","Cyno","Malale","≥14/Term"
"IL-18",1.61998519377119,0.658825095211562,FALSE,"None","Cyno","Malale","≥14/Term"
"IFN-B",1.41408714565242,0.00270035115793846,TRUE,"Up","Cyno","Malale","≥14/Term"
"TNF-a",1.40816255288951,0.369772913642514,FALSE,"None","Cyno","Malale","≥14/Term"
"MIP-1B",1.256569358019,0.22863922346498,FALSE,"None","Cyno","Malale","≥14/Term"
"OPN",1.23974155281621,0.824582621566788,FALSE,"None","Cyno","Malale","≥14/Term"
"IGFBP-4",1.21788099919982,0.00169633662994746,TRUE,"Up","Cyno","Malale","≥14/Term"
"MPO",1.21394497617739,0.800620712153441,FALSE,"None","Cyno","Malale","≥14/Term"
"VCAM-1",1.21078291263694,0.73852417643028,FALSE,"None","Cyno","Malale","≥14/Term"
"GM-CSF",1.1367148228818,0.545321158295027,FALSE,"None","Cyno","Malale","≥14/Term"
"Fibrinogen",-1.11928742052874,0.545321158295027,FALSE,"None","Cyno","Malale","≥14/Term"
"Antithrombin",-1.10855333379725,0.000863832461926968,TRUE,"Down","Cyno","Malale","≥14/Term"
"Cystatin C",-0.990187037992246,0.132768473322666,FALSE,"None","Cyno","Malale","≥14/Term"
"sCD40L",-0.893488571307811,0.132768473322666,FALSE,"None","Cyno","Malale","≥14/Term"
"IL-8",0.83214526218314,0.545321158295027,FALSE,"None","Cyno","Malale","≥14/Term"
"Factor XIII",-0.828610272897716,0.59207267115744,FALSE,"None","Cyno","Malale","≥14/Term"
"IL-17A",0.798649154585319,0.406016288241524,FALSE,"None","Cyno","Malale","≥14/Term"
"TIE-2",-0.766666967925669,0.0274321644122321,FALSE,"None","Cyno","Malale","≥14/Term"
"P-Selectin",0.71508542991792,0.00620770209131188,FALSE,"None","Cyno","Malale","≥14/Term"
"Eotaxin",0.714467293108251,0.215440990138815,FALSE,"None","Cyno","Malale","≥14/Term"
"MRP8/14",0.689292256568955,0.22863922346498,FALSE,"None","Cyno","Malale","≥14/Term"
"IL-1B",0.65643762270701,0.488912200642394,FALSE,"None","Cyno","Malale","≥14/Term"
"IL-12p40",0.651910868530177,0.558551335268722,FALSE,"None","Cyno","Malale","≥14/Term"
"PSGL-1",-0.571151658363201,0.824582621566788,FALSE,"None","Cyno","Malale","≥14/Term"
"IFN-g",0.49276706754034,0.66673797240488,FALSE,"None","Cyno","Malale","≥14/Term"
"NGAL",0.436774989097113,0.742025879927942,FALSE,"None","Cyno","Malale","≥14/Term"
"sFlt-1",-0.391600131978979,0.545321158295027,FALSE,"None","Cyno","Malale","≥14/Term"
"MMP-2",0.210303152398605,0.511667089015861,FALSE,"None","Cyno","Malale","≥14/Term"
"Myoglobin",-0.196058724444072,0.884908042652756,FALSE,"None","Cyno","Malale","≥14/Term"
"ICAM-1",0.174370542637238,0.940822775108925,FALSE,"None","Cyno","Malale","≥14/Term"
"TIE-1",0.156035033883171,0.824582621566788,FALSE,"None","Cyno","Malale","≥14/Term"
"IL-23",0.144384918613333,0.884908042652756,FALSE,"None","Cyno","Malale","≥14/Term"
"sRAGE",-0.142514063322011,0.824582621566788,FALSE,"None","Cyno","Malale","≥14/Term"
"RANTES",-0.12081310634165,0.884908042652756,FALSE,"None","Cyno","Malale","≥14/Term"
"PIGF",0.018946928851161,0.979267258548136,FALSE,"None","Cyno","Malale","≥14/Term"
"Fibrinogen",4.61460465511239,0.0194675152187438,TRUE,"Up","AGM","Malale","4"
"D-dimer",-4.48702747442016,0.00233870658827948,TRUE,"Down","AGM","Malale","4"
"MPO",3.23078590791172,0.659981038441983,FALSE,"None","AGM","Malale","4"
"IP-10",3.09671660001602,5.82036385808365e-08,TRUE,"Up","AGM","Malale","4"
"VCAM-1",2.81475206911368,0.656431757316905,FALSE,"None","AGM","Malale","4"
"MMP-9",2.63333944984307,0.703699244467679,FALSE,"None","AGM","Malale","4"
"IL-18",2.29561360518171,0.706432387060511,FALSE,"None","AGM","Malale","4"
"TNF-a",-2.24904304702824,0.363478646196503,FALSE,"None","AGM","Malale","4"
"ICAM-1",2.07795238897683,0.659981038441983,FALSE,"None","AGM","Malale","4"
"I-TAC",2.05134204449072,0.0118564593642249,TRUE,"Up","AGM","Malale","4"
"GM-CSF",1.81206307918356,0.608582155203636,FALSE,"None","AGM","Malale","4"
"Factor XIII",1.79195413126472,0.504877567407685,FALSE,"None","AGM","Malale","4"
"IL-6",-1.73286802691035,0.656431757316905,FALSE,"None","AGM","Malale","4"
"IL-12p40",-1.66918988827197,0.34694635160473,FALSE,"None","AGM","Malale","4"
"Eotaxin",1.38861633143713,0.0620580269867286,FALSE,"None","AGM","Malale","4"
"IL-10",-1.2236789873141,0.504877567407685,FALSE,"None","AGM","Malale","4"
"Factor IX",-1.19764733003276,0.706821346548375,FALSE,"None","AGM","Malale","4"
"IFN-g",-1.18511798065166,0.535498210181407,FALSE,"None","AGM","Malale","4"
"IFN-B",1.01120572721577,0.215931005554673,FALSE,"None","AGM","Malale","4"
"MIG",-1.00596471607145,0.706821346548375,FALSE,"None","AGM","Malale","4"
"PSGL-1",-0.981825356126419,0.76821134372449,FALSE,"None","AGM","Malale","4"
"TIE-1",0.945009453877905,0.373660452340585,FALSE,"None","AGM","Malale","4"
"MRP8/14",-0.926225086997682,0.363478646196503,FALSE,"None","AGM","Malale","4"
"IL-23",-0.862346786820982,0.656431757316905,FALSE,"None","AGM","Malale","4"
"sST2",0.858068771705863,0.703699244467679,FALSE,"None","AGM","Malale","4"
"IL-1B",-0.810395681865113,0.656431757316905,FALSE,"None","AGM","Malale","4"
"PAI-1",-0.809814887024388,0.535498210181407,FALSE,"None","AGM","Malale","4"
"Tissue factor",-0.773294181703526,0.706821346548375,FALSE,"None","AGM","Malale","4"
"RANTES",0.684646906807814,0.703699244467679,FALSE,"None","AGM","Malale","4"
"LIGHT",-0.668629852636236,0.902089163905097,FALSE,"None","AGM","Malale","4"
"IL-17A",-0.536967602480292,0.706821346548375,FALSE,"None","AGM","Malale","4"
"MMP-2",0.516315203271784,0.215931005554673,FALSE,"None","AGM","Malale","4"
"IL-8",-0.473703835855027,0.795191238391196,FALSE,"None","AGM","Malale","4"
"IGFBP-4",-0.411011638371619,0.656431757316905,FALSE,"None","AGM","Malale","4"
"MCP-1",0.354918998360302,0.795191238391196,FALSE,"None","AGM","Malale","4"
"Cystatin C",0.334218218494847,0.76821134372449,FALSE,"None","AGM","Malale","4"
"tPA",-0.328539714689079,0.759344302436689,FALSE,"None","AGM","Malale","4"
"Prothrombin",-0.313395671453257,0.76821134372449,FALSE,"None","AGM","Malale","4"
"PIGF",0.268436820588651,0.895300253455015,FALSE,"None","AGM","Malale","4"
"Antithrombin",0.261905144677666,0.706821346548375,FALSE,"None","AGM","Malale","4"
"OPN",0.252389778204894,0.972678366105741,FALSE,"None","AGM","Malale","4"
"Myoglobin",-0.217027073389751,0.964596389570227,FALSE,"None","AGM","Malale","4"
"P-Selectin",-0.186517240020111,0.706821346548375,FALSE,"None","AGM","Malale","4"
"TIE-2",0.126296961239007,0.863902310610165,FALSE,"None","AGM","Malale","4"
"NGAL",0.0596581946881187,0.972678366105741,FALSE,"None","AGM","Malale","4"
"MIP-1B",0.0541260856781358,0.972678366105741,FALSE,"None","AGM","Malale","4"
"sRAGE",-0.0474388775550167,0.972678366105741,FALSE,"None","AGM","Malale","4"
"sCD40L",0.0423619880379995,0.972678366105741,FALSE,"None","AGM","Malale","4"
"sFlt-1",0.0138806034896817,0.977796758106415,FALSE,"None","AGM","Malale","4"
"MPO",9.83518754344073,0.0141729880290952,TRUE,"Up","AGM","Malale","7"
"OPN",8.74605608634334,0.0702958827623019,FALSE,"None","AGM","Malale","7"
"VCAM-1",7.82644544684308,0.0141729880290952,TRUE,"Up","AGM","Malale","7"
"ICAM-1",6.38512280701991,0.0141729880290952,TRUE,"Up","AGM","Malale","7"
"MMP-9",6.11035977259617,0.136831227224224,FALSE,"None","AGM","Malale","7"
"Fibrinogen",5.86295793320467,0.000778242458642711,TRUE,"Up","AGM","Malale","7"
"IP-10",3.94873118408191,9.65480636116212e-12,TRUE,"Up","AGM","Malale","7"
"GM-CSF",3.74049347436111,0.0399550167742318,TRUE,"Up","AGM","Malale","7"
"I-TAC",3.70629825583184,2.52645073376858e-07,TRUE,"Up","AGM","Malale","7"
"D-dimer",-3.38190628390863,0.0149060211825349,TRUE,"Down","AGM","Malale","7"
"Factor XIII",3.31886017543081,0.0306832915761994,TRUE,"Up","AGM","Malale","7"
"IFN-B",2.73954713601878,9.14283599425895e-07,TRUE,"Up","AGM","Malale","7"
"TNF-a",-2.12955481351865,0.275713669087268,FALSE,"None","AGM","Malale","7"
"Eotaxin",2.11706102090051,0.000618956064782183,TRUE,"Up","AGM","Malale","7"
"MIG",2.05802801262909,0.312953202962836,FALSE,"None","AGM","Malale","7"
"IL-12p40",-1.61509984290946,0.212218577783853,FALSE,"None","AGM","Malale","7"
"MCP-1",1.2098498002877,0.275713669087268,FALSE,"None","AGM","Malale","7"
"sST2",1.16657511122043,0.428012317962834,FALSE,"None","AGM","Malale","7"
"RANTES",1.13759867534446,0.312953202962836,FALSE,"None","AGM","Malale","7"
"tPA",1.02378164690357,0.178140302519617,FALSE,"None","AGM","Malale","7"
"IL-23",-0.998223963175942,0.397178257095165,FALSE,"None","AGM","Malale","7"
"IL-10",-0.970098598434057,0.428012317962834,FALSE,"None","AGM","Malale","7"
"IL-1B",-0.964607744327054,0.374579945764014,FALSE,"None","AGM","Malale","7"
"MIP-1B",0.931845184087579,0.562422511063023,FALSE,"None","AGM","Malale","7"
"Factor IX",-0.80261437953903,0.798520308488747,FALSE,"None","AGM","Malale","7"
"Prothrombin",-0.785247153575281,0.371573597325405,FALSE,"None","AGM","Malale","7"
"Myoglobin",0.782016512717796,0.738145311496781,FALSE,"None","AGM","Malale","7"
"TIE-1",0.776057402815265,0.371573597325405,FALSE,"None","AGM","Malale","7"
"Tissue factor",-0.643311087619968,0.738145311496781,FALSE,"None","AGM","Malale","7"
"IL-8",-0.542067077249849,0.774399707112583,FALSE,"None","AGM","Malale","7"
"IL-18",-0.505258270514891,0.924903529623011,FALSE,"None","AGM","Malale","7"
"sCD40L",-0.480571704555452,0.650117856075465,FALSE,"None","AGM","Malale","7"
"PSGL-1",-0.474051826392754,0.924903529623011,FALSE,"None","AGM","Malale","7"
"IL-17A",-0.447933225008117,0.755716492357883,FALSE,"None","AGM","Malale","7"
"MRP8/14",0.409815369237204,0.678249496243265,FALSE,"None","AGM","Malale","7"
"PAI-1",0.404362362030216,0.738145311496781,FALSE,"None","AGM","Malale","7"
"NGAL",-0.345332424410413,0.886845603939842,FALSE,"None","AGM","Malale","7"
"IGFBP-4",0.314558685037522,0.678249496243265,FALSE,"None","AGM","Malale","7"
"MMP-2",0.313092118127436,0.390951028476655,FALSE,"None","AGM","Malale","7"
"LIGHT",0.293461543929766,0.95492765596407,FALSE,"None","AGM","Malale","7"
"Antithrombin",0.192783596968916,0.755716492357883,FALSE,"None","AGM","Malale","7"
"sFlt-1",-0.176207453352021,0.886845603939842,FALSE,"None","AGM","Malale","7"
"P-Selectin",-0.171353873267515,0.738145311496781,FALSE,"None","AGM","Malale","7"
"IL-6",-0.166287799635657,0.95492765596407,FALSE,"None","AGM","Malale","7"
"sRAGE",-0.123567819850294,0.924903529623011,FALSE,"None","AGM","Malale","7"
"Cystatin C",-0.118345284172722,0.924903529623011,FALSE,"None","AGM","Malale","7"
"IFN-g",0.0685806861434219,0.95492765596407,FALSE,"None","AGM","Malale","7"
"TIE-2",-0.0639858480307502,0.924903529623011,FALSE,"None","AGM","Malale","7"
"PIGF",0.020334891460065,0.980667517135879,FALSE,"None","AGM","Malale","7"
"VCAM-1",7.65682943730387,0.0103106956282437,TRUE,"Up","AGM","Malale","10"
"MPO",-6.37605322876396,0.105028271359092,FALSE,"None","AGM","Malale","10"
"I-TAC",5.80035478764989,1.53808216818473e-14,TRUE,"Up","AGM","Malale","10"
"MIG",5.45383359710213,0.000500033007863745,TRUE,"Up","AGM","Malale","10"
"GM-CSF",5.16886136890781,0.00269437954378096,TRUE,"Up","AGM","Malale","10"
"IP-10",5.01781670810277,1.56379943628545e-16,TRUE,"Up","AGM","Malale","10"
"IL-18",4.89291057773505,0.139947820687292,FALSE,"None","AGM","Malale","10"
"OPN",3.68253918269044,0.437918230029804,FALSE,"None","AGM","Malale","10"
"LIGHT",-3.58003318093204,0.236178162329791,FALSE,"None","AGM","Malale","10"
"D-dimer",-3.47924022509694,0.00960256525043328,TRUE,"Down","AGM","Malale","10"
"tPA",3.02872829377917,1.00861844225373e-06,TRUE,"Up","AGM","Malale","10"
"Eotaxin",2.97331304376007,7.51898160193638e-07,TRUE,"Up","AGM","Malale","10"
"Fibrinogen",2.82351746849137,0.114746276657571,FALSE,"None","AGM","Malale","10"
"MRP8/14",2.81271189602113,2.23826421210091e-06,TRUE,"Up","AGM","Malale","10"
"TNF-a",-2.6687383193795,0.089699893009142,FALSE,"None","AGM","Malale","10"
"sST2",2.64425305933514,0.0248599325476598,TRUE,"Up","AGM","Malale","10"
"MCP-1",2.60160302866813,0.0030037021365806,TRUE,"Up","AGM","Malale","10"
"MIP-1B",2.10271533569245,0.0679182040281766,FALSE,"None","AGM","Malale","10"
"IFN-g",2.09516988559385,0.0459191767804549,TRUE,"Up","AGM","Malale","10"
"ICAM-1",2.06498241847335,0.437918230029804,FALSE,"None","AGM","Malale","10"
"RANTES",1.87015784941172,0.0385947110358545,TRUE,"Up","AGM","Malale","10"
"PAI-1",1.79444293063659,0.00960256525043328,TRUE,"Up","AGM","Malale","10"
"PSGL-1",-1.73204082212762,0.449100425123189,FALSE,"None","AGM","Malale","10"
"IL-12p40",-1.68548259071652,0.120990121116911,FALSE,"None","AGM","Malale","10"
"IFN-B",1.58256102225098,0.00495964727903317,TRUE,"Up","AGM","Malale","10"
"Factor XIII",1.51105649394352,0.347158074775762,FALSE,"None","AGM","Malale","10"
"MMP-9",1.26083097697543,0.737129428923089,FALSE,"None","AGM","Malale","10"
"IL-6",0.962609967101941,0.621121750066179,FALSE,"None","AGM","Malale","10"
"Prothrombin",-0.893937468355688,0.214916968493543,FALSE,"None","AGM","Malale","10"
"IL-10",-0.891799601091538,0.419223353548985,FALSE,"None","AGM","Malale","10"
"IL-8",0.839698587580973,0.513006308458409,FALSE,"None","AGM","Malale","10"
"IGFBP-4",0.813815644971442,0.089699893009142,FALSE,"None","AGM","Malale","10"
"TIE-1",0.707249924992414,0.339652340106429,FALSE,"None","AGM","Malale","10"
"IL-17A",-0.706699053131652,0.461873583407534,FALSE,"None","AGM","Malale","10"
"MMP-2",0.646374848926424,0.0248599325476598,FALSE,"None","AGM","Malale","10"
"Cystatin C",0.632041324205808,0.437918230029804,FALSE,"None","AGM","Malale","10"
"Tissue factor",0.613484936369915,0.620537380265468,FALSE,"None","AGM","Malale","10"
"IL-1B",-0.558868320700414,0.531382125896922,FALSE,"None","AGM","Malale","10"
"sFlt-1",0.557662700456994,0.419223353548985,FALSE,"None","AGM","Malale","10"
"IL-23",-0.547070542635756,0.582618285304096,FALSE,"None","AGM","Malale","10"
"P-Selectin",0.467257776606155,0.139947820687292,FALSE,"None","AGM","Malale","10"
"Antithrombin",-0.457709262382043,0.29627094008145,FALSE,"None","AGM","Malale","10"
"Factor IX",-0.350985521735705,0.863109557558744,FALSE,"None","AGM","Malale","10"
"PIGF",0.344155532676103,0.742479646542614,FALSE,"None","AGM","Malale","10"
"TIE-2",0.338797974248578,0.437918230029804,FALSE,"None","AGM","Malale","10"
"sRAGE",0.324794410460495,0.604034545858569,FALSE,"None","AGM","Malale","10"
"Myoglobin",0.315487232833981,0.829160848492738,FALSE,"None","AGM","Malale","10"
"NGAL",-0.0920368612219526,0.9214802866511,FALSE,"None","AGM","Malale","10"
"sCD40L",-0.0577234155170991,0.9214802866511,FALSE,"None","AGM","Malale","10"
"IL-6",9.81125558995456,1.78750730593308e-07,TRUE,"Up","AGM","Malale","≥14/Term"
"OPN",9.15370813879506,0.0269664490864306,TRUE,"Up","AGM","Malale","≥14/Term"
"MMP-9",8.69797084402626,0.00762806230644123,TRUE,"Up","AGM","Malale","≥14/Term"
"I-TAC",7.73027907943924,1.60558789215382e-20,TRUE,"Up","AGM","Malale","≥14/Term"
"MPO",6.67110036619715,0.065770032678025,FALSE,"None","AGM","Malale","≥14/Term"
"GM-CSF",6.10144735080397,0.00014788171465584,TRUE,"Up","AGM","Malale","≥14/Term"
"Fibrinogen",5.98586315974428,0.000222988468982515,TRUE,"Up","AGM","Malale","≥14/Term"
"MIG",5.81913766378203,0.000104403757594137,TRUE,"Up","AGM","Malale","≥14/Term"
"IP-10",5.3345390743484,5.63167301702914e-18,TRUE,"Up","AGM","Malale","≥14/Term"
"MCP-1",4.98918120389194,7.42814486546653e-09,TRUE,"Up","AGM","Malale","≥14/Term"
"MIP-1B",4.9763159795323,2.8517694417751e-06,TRUE,"Up","AGM","Malale","≥14/Term"
"IL-8",4.71013508087571,4.07143283729281e-05,TRUE,"Up","AGM","Malale","≥14/Term"
"IL-18",4.67680667095289,0.13835432274035,FALSE,"None","AGM","Malale","≥14/Term"
"tPA",4.58866919020227,2.10682997059627e-12,TRUE,"Up","AGM","Malale","≥14/Term"
"Eotaxin",3.93260138701555,1.2951935577318e-10,TRUE,"Up","AGM","Malale","≥14/Term"
"MRP8/14",3.8905095866541,2.09394524265423e-10,TRUE,"Up","AGM","Malale","≥14/Term"
"D-dimer",-3.86402281092241,0.00171811907872255,TRUE,"Down","AGM","Malale","≥14/Term"
"sST2",3.47607933966153,0.00135832389292481,TRUE,"Up","AGM","Malale","≥14/Term"
"PAI-1",3.46463359408243,2.27539179949466e-07,TRUE,"Up","AGM","Malale","≥14/Term"
"NGAL",3.43418335535006,0.00115655403757407,TRUE,"Up","AGM","Malale","≥14/Term"
"RANTES",3.02894884552092,0.000263248610366771,TRUE,"Up","AGM","Malale","≥14/Term"
"IFN-g",2.49190765410465,0.00909718197396542,TRUE,"Up","AGM","Malale","≥14/Term"
"Cystatin C",2.15546472353011,0.00135922232062656,TRUE,"Up","AGM","Malale","≥14/Term"
"IL-10",1.82496634750373,0.0481269967355363,TRUE,"Up","AGM","Malale","≥14/Term"
"Tissue factor",1.79331818609623,0.123302567783188,FALSE,"None","AGM","Malale","≥14/Term"
"PIGF",1.77031893320746,0.068716516523494,FALSE,"None","AGM","Malale","≥14/Term"
"ICAM-1",-1.75439704683199,0.483707130641325,FALSE,"None","AGM","Malale","≥14/Term"
"IFN-B",1.72514007237364,0.00101297940870005,TRUE,"Up","AGM","Malale","≥14/Term"
"PSGL-1",-1.49629138419888,0.483707130641325,FALSE,"None","AGM","Malale","≥14/Term"
"LIGHT",1.49236116546211,0.612477252016209,FALSE,"None","AGM","Malale","≥14/Term"
"IGFBP-4",1.42337947362628,0.00101297940870005,TRUE,"Up","AGM","Malale","≥14/Term"
"MMP-2",1.41802701251124,2.33742776697383e-07,TRUE,"Up","AGM","Malale","≥14/Term"
"Myoglobin",1.41313458510523,0.308911703554236,FALSE,"None","AGM","Malale","≥14/Term"
"P-Selectin",1.13134850221059,0.00010774578238117,TRUE,"Up","AGM","Malale","≥14/Term"
"Factor XIII",1.101753466628,0.476799080223947,FALSE,"None","AGM","Malale","≥14/Term"
"IL-23",1.09962069265564,0.234340947920248,FALSE,"None","AGM","Malale","≥14/Term"
"TIE-1",0.834700043247562,0.199298957750987,FALSE,"None","AGM","Malale","≥14/Term"
"sFlt-1",0.773077370592819,0.199298957750987,FALSE,"None","AGM","Malale","≥14/Term"
"IL-12p40",-0.731455453680576,0.483707130641325,FALSE,"None","AGM","Malale","≥14/Term"
"IL-17A",0.638137696448374,0.483707130641325,FALSE,"None","AGM","Malale","≥14/Term"
"Prothrombin",-0.590109689462853,0.400321548291023,FALSE,"None","AGM","Malale","≥14/Term"
"TNF-a",-0.398778042703453,0.818839968547978,FALSE,"None","AGM","Malale","≥14/Term"
"Factor IX",0.365168360832225,0.857948955275685,FALSE,"None","AGM","Malale","≥14/Term"
"Antithrombin",-0.34957894693666,0.400321548291023,FALSE,"None","AGM","Malale","≥14/Term"
"IL-1B",0.294556313473974,0.752446226913081,FALSE,"None","AGM","Malale","≥14/Term"
"sCD40L",0.26165387590518,0.717570938257408,FALSE,"None","AGM","Malale","≥14/Term"
"VCAM-1",0.218970235022534,0.943898513971534,FALSE,"None","AGM","Malale","≥14/Term"
"sRAGE",-0.119483425463683,0.857948955275685,FALSE,"None","AGM","Malale","≥14/Term"
"TIE-2",-0.0237404882893202,0.943898513971534,FALSE,"None","AGM","Malale","≥14/Term"
"OPN",13.3833483091068,0.0318586626026885,TRUE,"Up","Cyno","9530537","4"
"ICAM-1",4.77138844950427,0.380125809373279,FALSE,"None","Cyno","9530537","4"
"VCAM-1",-4.68012703463089,0.624567315105352,FALSE,"None","Cyno","9530537","4"
"IP-10",4.29508042713681,2.92539821809326e-11,TRUE,"Up","Cyno","9530537","4"
"MPO",3.31105874347789,0.883072749450841,FALSE,"None","Cyno","9530537","4"
"LIGHT",2.91483483037214,0.883072749450841,FALSE,"None","Cyno","9530537","4"
"MMP-9",-2.16186460661373,0.883072749450841,FALSE,"None","Cyno","9530537","4"
"MCP-1",2.08892477789668,0.133623559209811,FALSE,"None","Cyno","9530537","4"
"IGFBP-4",1.31645090019705,0.0418749978047424,TRUE,"Up","Cyno","9530537","4"
"IL-18",1.30235848477454,0.883072749450841,FALSE,"None","Cyno","9530537","4"
"IL-6",1.1478999926665,0.883072749450841,FALSE,"None","Cyno","9530537","4"
"Factor XIII",-1.04459835654463,0.883072749450841,FALSE,"None","Cyno","9530537","4"
"tPA",1.033132726017,0.624567315105352,FALSE,"None","Cyno","9530537","4"
"Fibrinogen",-1.0146769914802,0.883072749450841,FALSE,"None","Cyno","9530537","4"
"MIG",0.998325153092359,0.883072749450841,FALSE,"None","Cyno","9530537","4"
"I-TAC",0.984716748595728,0.624567315105352,FALSE,"None","Cyno","9530537","4"
"GM-CSF",-0.964992366356938,0.883072749450841,FALSE,"None","Cyno","9530537","4"
"PAI-1",0.944393155554641,0.624567315105352,FALSE,"None","Cyno","9530537","4"
"Eotaxin",0.864755316790402,0.624567315105352,FALSE,"None","Cyno","9530537","4"
"IFN-B",0.829130690730417,0.624567315105352,FALSE,"None","Cyno","9530537","4"
"MIP-1B",0.815996792416681,0.883072749450841,FALSE,"None","Cyno","9530537","4"
"IL-1B",-0.780012567134921,0.883072749450841,FALSE,"None","Cyno","9530537","4"
"TIE-1",0.762395682054596,0.859114782124211,FALSE,"None","Cyno","9530537","4"
"IL-12p40",-0.659592123042783,0.883072749450841,FALSE,"None","Cyno","9530537","4"
"Myoglobin",0.630230644041646,0.883072749450841,FALSE,"None","Cyno","9530537","4"
"IL-23",-0.59192077859568,0.883072749450841,FALSE,"None","Cyno","9530537","4"
"PIGF",0.58155962428228,0.883072749450841,FALSE,"None","Cyno","9530537","4"
"Cystatin C",0.548287422232178,0.883072749450841,FALSE,"None","Cyno","9530537","4"
"IFN-g",-0.544646390784118,0.883072749450841,FALSE,"None","Cyno","9530537","4"
"IL-17A",-0.440705911573155,0.883072749450841,FALSE,"None","Cyno","9530537","4"
"NGAL",0.398544651103153,0.883072749450841,FALSE,"None","Cyno","9530537","4"
"D-dimer",0.359535230322054,0.92027745508419,FALSE,"None","Cyno","9530537","4"
"RANTES",-0.331773362790832,0.883072749450841,FALSE,"None","Cyno","9530537","4"
"IL-10",0.318411179261302,0.883072749450841,FALSE,"None","Cyno","9530537","4"
"MRP8/14",0.297959615759716,0.883072749450841,FALSE,"None","Cyno","9530537","4"
"IL-8",-0.280007423261509,0.933964804177274,FALSE,"None","Cyno","9530537","4"
"sFlt-1",0.265350321508205,0.883072749450841,FALSE,"None","Cyno","9530537","4"
"Factor IX",-0.240222865471335,0.973583247961539,FALSE,"None","Cyno","9530537","4"
"Prothrombin",0.23645260339546,0.883072749450841,FALSE,"None","Cyno","9530537","4"
"P-Selectin",-0.211626436989587,0.883072749450841,FALSE,"None","Cyno","9530537","4"
"TIE-2",0.209216286902606,0.883072749450841,FALSE,"None","Cyno","9530537","4"
"sRAGE",0.199849402112138,0.883072749450841,FALSE,"None","Cyno","9530537","4"
"MMP-2",-0.153696878300483,0.883072749450841,FALSE,"None","Cyno","9530537","4"
"sST2",-0.111096402805432,0.976073814177719,FALSE,"None","Cyno","9530537","4"
"sCD40L",0.098029427017714,0.969076846317513,FALSE,"None","Cyno","9530537","4"
"Tissue factor",-0.0876841693558674,0.976073814177719,FALSE,"None","Cyno","9530537","4"
"Antithrombin",-0.0708832868094937,0.964076946857129,FALSE,"None","Cyno","9530537","4"
"PSGL-1",-0.0229080552287146,0.997020097563732,FALSE,"None","Cyno","9530537","4"
"TNF-a",0.00521122318557099,0.997020097563732,FALSE,"None","Cyno","9530537","4"
"VCAM-1",16.9299660646242,4.29152932330173e-07,TRUE,"Up","Cyno","9530537","7"
"OPN",15.4977328384928,0.00122946689513488,TRUE,"Up","Cyno","9530537","7"
"MMP-9",14.6159967335365,0.000121416589728607,TRUE,"Up","Cyno","9530537","7"
"ICAM-1",13.7662198357843,4.29152932330173e-07,TRUE,"Up","Cyno","9530537","7"
"MPO",10.4455949049237,0.0139033601003526,TRUE,"Up","Cyno","9530537","7"
"IP-10",4.86330294095201,1.50925992644303e-13,TRUE,"Up","Cyno","9530537","7"
"LIGHT",4.16893752608677,0.301009212219558,FALSE,"None","Cyno","9530537","7"
"MIG",4.15009366254734,0.0195444185168116,TRUE,"Up","Cyno","9530537","7"
"tPA",3.53393181202597,4.29152932330173e-07,TRUE,"Up","Cyno","9530537","7"
"PAI-1",3.38505856997584,6.10564709205726e-06,TRUE,"Up","Cyno","9530537","7"
"IL-18",3.09917099279538,0.533686074139944,FALSE,"None","Cyno","9530537","7"
"IFN-B",3.00786590675076,8.70637517109015e-07,TRUE,"Up","Cyno","9530537","7"
"MCP-1",2.9268834937014,0.00222659637265808,TRUE,"Up","Cyno","9530537","7"
"IL-6",2.60637507078317,0.354776369298012,FALSE,"None","Cyno","9530537","7"
"Factor XIII",-2.59459590178908,0.163210635352836,FALSE,"None","Cyno","9530537","7"
"I-TAC",2.32332656183755,0.00278162267062,TRUE,"Up","Cyno","9530537","7"
"IGFBP-4",1.90391942829238,0.000132533536000694,TRUE,"Up","Cyno","9530537","7"
"PSGL-1",1.76484851876294,0.605657415507949,FALSE,"None","Cyno","9530537","7"
"PIGF",1.44806316006326,0.323119492147225,FALSE,"None","Cyno","9530537","7"
"NGAL",1.24515163778703,0.455581910648822,FALSE,"None","Cyno","9530537","7"
"MIP-1B",1.20690072027871,0.455581910648822,FALSE,"None","Cyno","9530537","7"
"TIE-1",1.20560707564674,0.160518164440458,FALSE,"None","Cyno","9530537","7"
"MRP8/14",1.17629924804615,0.134699223953471,FALSE,"None","Cyno","9530537","7"
"IFN-g",1.13274622622202,0.455581910648822,FALSE,"None","Cyno","9530537","7"
"Fibrinogen",-1.13012510926877,0.670862417895174,FALSE,"None","Cyno","9530537","7"
"Eotaxin",1.02247376204428,0.198247670492791,FALSE,"None","Cyno","9530537","7"
"Myoglobin",1.00396113772855,0.649091813692975,FALSE,"None","Cyno","9530537","7"
"IL-10",0.903940739432763,0.533686074139944,FALSE,"None","Cyno","9530537","7"
"RANTES",0.82017263425195,0.533686074139944,FALSE,"None","Cyno","9530537","7"
"sFlt-1",0.655362973030538,0.455581910648822,FALSE,"None","Cyno","9530537","7"
"GM-CSF",0.61302962134163,0.871536761864632,FALSE,"None","Cyno","9530537","7"
"IL-1B",-0.558808789836141,0.670862417895174,FALSE,"None","Cyno","9530537","7"
"IL-23",-0.53821176755617,0.701942313187835,FALSE,"None","Cyno","9530537","7"
"sST2",0.525791961704876,0.80604437227051,FALSE,"None","Cyno","9530537","7"
"sRAGE",0.475930999921777,0.605657415507949,FALSE,"None","Cyno","9530537","7"
"TIE-2",0.460777905612773,0.455581910648822,FALSE,"None","Cyno","9530537","7"
"Cystatin C",0.459754496680207,0.670862417895174,FALSE,"None","Cyno","9530537","7"
"Antithrombin",-0.452593312399518,0.455581910648822,FALSE,"None","Cyno","9530537","7"
"TNF-a",0.439891284874186,0.871536761864632,FALSE,"None","Cyno","9530537","7"
"IL-8",0.399894342718625,0.871536761864632,FALSE,"None","Cyno","9530537","7"
"IL-17A",0.209442249726543,0.894682600115281,FALSE,"None","Cyno","9530537","7"
"sCD40L",0.205721047573258,0.871536761864632,FALSE,"None","Cyno","9530537","7"
"Factor IX",-0.20408283047351,0.948684745543922,FALSE,"None","Cyno","9530537","7"
"P-Selectin",-0.197121437944009,0.670862417895174,FALSE,"None","Cyno","9530537","7"
"Prothrombin",-0.185567435291471,0.871536761864632,FALSE,"None","Cyno","9530537","7"
"D-dimer",-0.161021740807524,0.948684745543922,FALSE,"None","Cyno","9530537","7"
"IL-12p40",0.0791632580896344,0.95435550018114,FALSE,"None","Cyno","9530537","7"
"MMP-2",-0.0501961057754379,0.92336742191893,FALSE,"None","Cyno","9530537","7"
"Tissue factor",0.00502887320671164,0.996338931991618,FALSE,"None","Cyno","9530537","7"
"OPN",15.863400210331,0.000804581687287987,TRUE,"Up","Cyno","9530537","10"
"MMP-9",14.4904389724852,0.000140998062089516,TRUE,"Up","Cyno","9530537","10"
"VCAM-1",11.3768083485477,0.000445985349552454,TRUE,"Up","Cyno","9530537","10"
"MPO",10.3483376625436,0.0139479980269511,TRUE,"Up","Cyno","9530537","10"
"ICAM-1",8.14058997627928,0.00251917910951154,TRUE,"Up","Cyno","9530537","10"
"IP-10",4.70119110097511,6.78355672595144e-13,TRUE,"Up","Cyno","9530537","10"
"MIG",4.67693380558311,0.0070959020547167,TRUE,"Up","Cyno","9530537","10"
"tPA",4.27767204227621,1.9990542590838e-09,TRUE,"Up","Cyno","9530537","10"
"IL-18",3.86461629654978,0.436644471173879,FALSE,"None","Cyno","9530537","10"
"PAI-1",3.52069937578522,4.99053909100274e-06,TRUE,"Up","Cyno","9530537","10"
"I-TAC",3.3658008497188,1.35010847785027e-05,TRUE,"Up","Cyno","9530537","10"
"MCP-1",3.31951686286328,0.000445985349552454,TRUE,"Up","Cyno","9530537","10"
"IL-6",3.2385227795213,0.193537569262328,FALSE,"None","Cyno","9530537","10"
"MRP8/14",3.04774047729647,5.80645444456504e-06,TRUE,"Up","Cyno","9530537","10"
"LIGHT",2.30228437981407,0.634948967754741,FALSE,"None","Cyno","9530537","10"
"IGFBP-4",2.21252966360066,1.18328193972328e-05,TRUE,"Up","Cyno","9530537","10"
"GM-CSF",1.97759343384103,0.443153374883568,FALSE,"None","Cyno","9530537","10"
"NGAL",1.90200270593702,0.193537569262328,FALSE,"None","Cyno","9530537","10"
"MIP-1B",1.76174671164611,0.226148541741454,FALSE,"None","Cyno","9530537","10"
"sST2",1.76066178375079,0.255246452735756,FALSE,"None","Cyno","9530537","10"
"Eotaxin",1.31535773406126,0.0652454789630973,FALSE,"None","Cyno","9530537","10"
"Factor XIII",-1.30918675223223,0.590922012781561,FALSE,"None","Cyno","9530537","10"
"IFN-g",1.22993554831116,0.436644471173879,FALSE,"None","Cyno","9530537","10"
"IFN-B",1.07988445180399,0.119301472608008,FALSE,"None","Cyno","9530537","10"
"PSGL-1",-1.07153589492067,0.780197561754765,FALSE,"None","Cyno","9530537","10"
"RANTES",-1.01089441657942,0.443153374883568,FALSE,"None","Cyno","9530537","10"
"D-dimer",-0.76115515016321,0.780197561754765,FALSE,"None","Cyno","9530537","10"
"MMP-2",0.727984917469147,0.0227829814997742,FALSE,"None","Cyno","9530537","10"
"Cystatin C",0.695467276872607,0.566201780560189,FALSE,"None","Cyno","9530537","10"
"sCD40L",-0.668005816980415,0.523578920260859,FALSE,"None","Cyno","9530537","10"
"IL-12p40",0.592132098713186,0.780197561754765,FALSE,"None","Cyno","9530537","10"
"IL-10",0.509348488486214,0.780197561754765,FALSE,"None","Cyno","9530537","10"
"TNF-a",0.492494368519295,0.844916562027485,FALSE,"None","Cyno","9530537","10"
"Tissue factor",0.476669512707287,0.800355091331085,FALSE,"None","Cyno","9530537","10"
"Prothrombin",0.4146539863006,0.780197561754765,FALSE,"None","Cyno","9530537","10"
"IL-23",0.411409420364137,0.792874103237654,FALSE,"None","Cyno","9530537","10"
"PIGF",0.400438294718151,0.800355091331085,FALSE,"None","Cyno","9530537","10"
"IL-1B",-0.391043422137305,0.792874103237654,FALSE,"None","Cyno","9530537","10"
"sRAGE",0.375550721011678,0.780197561754765,FALSE,"None","Cyno","9530537","10"
"sFlt-1",0.303945540061903,0.780197561754765,FALSE,"None","Cyno","9530537","10"
"P-Selectin",0.253429379270061,0.634948967754741,FALSE,"None","Cyno","9530537","10"
"TIE-2",0.246033849036518,0.780197561754765,FALSE,"None","Cyno","9530537","10"
"Fibrinogen",0.219926518737466,0.931844172977373,FALSE,"None","Cyno","9530537","10"
"IL-17A",-0.184030355675606,0.931844172977373,FALSE,"None","Cyno","9530537","10"
"Myoglobin",-0.183186383330046,0.931844172977373,FALSE,"None","Cyno","9530537","10"
"Factor IX",0.124082550888087,0.945182586358595,FALSE,"None","Cyno","9530537","10"
"IL-8",-0.121310904484774,0.931844172977373,FALSE,"None","Cyno","9530537","10"
"TIE-1",-0.0716541537002122,0.931844172977373,FALSE,"None","Cyno","9530537","10"
"Antithrombin",0.0582388880635847,0.931844172977373,FALSE,"None","Cyno","9530537","10"
"MMP-9",17.6602094508981,8.17400818265448e-07,TRUE,"Up","Cyno","9530537","≥14/Term"
"VCAM-1",12.6261617611472,2.9578711395643e-05,TRUE,"Up","Cyno","9530537","≥14/Term"
"OPN",12.5905089601096,0.00378759235368289,TRUE,"Up","Cyno","9530537","≥14/Term"
"MPO",12.5132658482928,0.000798371302984188,TRUE,"Up","Cyno","9530537","≥14/Term"
"ICAM-1",8.8684115228563,0.000305440055167694,TRUE,"Up","Cyno","9530537","≥14/Term"
"MIG",5.93279088342919,0.000176676720809845,TRUE,"Up","Cyno","9530537","≥14/Term"
"IL-6",5.78380827990018,0.00251473484620028,TRUE,"Up","Cyno","9530537","≥14/Term"
"IP-10",5.01431699653704,3.57644604215375e-15,TRUE,"Up","Cyno","9530537","≥14/Term"
"sST2",4.97967344300185,2.59876114318859e-05,TRUE,"Up","Cyno","9530537","≥14/Term"
"I-TAC",4.63689723390285,8.10118587207636e-10,TRUE,"Up","Cyno","9530537","≥14/Term"
"NGAL",4.6026280528396,5.32898534098318e-05,TRUE,"Up","Cyno","9530537","≥14/Term"
"IL-18",4.57586126555155,0.190164466714932,FALSE,"None","Cyno","9530537","≥14/Term"
"MRP8/14",4.55203265530658,9.47968852372193e-12,TRUE,"Up","Cyno","9530537","≥14/Term"
"tPA",4.45639070486695,5.13753208881118e-11,TRUE,"Up","Cyno","9530537","≥14/Term"
"PAI-1",4.31115319977522,2.63014626153005e-09,TRUE,"Up","Cyno","9530537","≥14/Term"
"MCP-1",3.94977293657739,9.12713008705652e-06,TRUE,"Up","Cyno","9530537","≥14/Term"
"MIP-1B",3.90956375260826,0.000368972641880881,TRUE,"Up","Cyno","9530537","≥14/Term"
"GM-CSF",3.18756734233169,0.071625618501801,FALSE,"None","Cyno","9530537","≥14/Term"
"IGFBP-4",2.82089665302623,4.3078120263058e-09,TRUE,"Up","Cyno","9530537","≥14/Term"
"IL-8",2.73968187418341,0.024056041198733,TRUE,"Up","Cyno","9530537","≥14/Term"
"Cystatin C",2.64467569145464,0.000258828912996359,TRUE,"Up","Cyno","9530537","≥14/Term"
"LIGHT",2.4360499743623,0.478248916469908,FALSE,"None","Cyno","9530537","≥14/Term"
"RANTES",2.41576376038915,0.00597617867887737,TRUE,"Up","Cyno","9530537","≥14/Term"
"IL-10",2.32819692058544,0.0167378100892985,TRUE,"Up","Cyno","9530537","≥14/Term"
"Eotaxin",2.21026747308519,0.000256136515422006,TRUE,"Up","Cyno","9530537","≥14/Term"
"PIGF",1.67696966226582,0.12346905421943,FALSE,"None","Cyno","9530537","≥14/Term"
"TIE-1",1.26331287806212,0.0653962288028007,FALSE,"None","Cyno","9530537","≥14/Term"
"Myoglobin",1.16055089947919,0.478248916469908,FALSE,"None","Cyno","9530537","≥14/Term"
"Tissue factor",1.10457125743361,0.460274454672116,FALSE,"None","Cyno","9530537","≥14/Term"
"sCD40L",1.0489646137756,0.129636419318681,FALSE,"None","Cyno","9530537","≥14/Term"
"D-dimer",1.02004772853563,0.512492951274891,FALSE,"None","Cyno","9530537","≥14/Term"
"Factor XIII",0.803177844223971,0.643924891589509,FALSE,"None","Cyno","9530537","≥14/Term"
"IFN-g",0.649629554974281,0.608012891735301,FALSE,"None","Cyno","9530537","≥14/Term"
"IFN-B",0.627821310536732,0.332804031769488,FALSE,"None","Cyno","9530537","≥14/Term"
"Prothrombin",0.581187546400084,0.478248916469908,FALSE,"None","Cyno","9530537","≥14/Term"
"Factor IX",0.520343125867829,0.848576973813385,FALSE,"None","Cyno","9530537","≥14/Term"
"IL-1B",0.512841071960967,0.614806043876281,FALSE,"None","Cyno","9530537","≥14/Term"
"P-Selectin",0.467738976238774,0.156532913049425,FALSE,"None","Cyno","9530537","≥14/Term"
"sFlt-1",0.460116201427041,0.512492951274891,FALSE,"None","Cyno","9530537","≥14/Term"
"sRAGE",0.459225735061215,0.512492951274891,FALSE,"None","Cyno","9530537","≥14/Term"
"PSGL-1",0.443909271360115,0.865520218662883,FALSE,"None","Cyno","9530537","≥14/Term"
"Fibrinogen",0.420968581956096,0.849887853416816,FALSE,"None","Cyno","9530537","≥14/Term"
"MMP-2",0.385544685124014,0.210220168287986,FALSE,"None","Cyno","9530537","≥14/Term"
"IL-23",0.347285714190477,0.781806094334816,FALSE,"None","Cyno","9530537","≥14/Term"
"IL-12p40",0.294205109121151,0.848576973813385,FALSE,"None","Cyno","9530537","≥14/Term"
"TIE-2",-0.202696610520519,0.679457111042356,FALSE,"None","Cyno","9530537","≥14/Term"
"IL-17A",-0.171701196652745,0.865520218662883,FALSE,"None","Cyno","9530537","≥14/Term"
"TNF-a",-0.144851474645709,0.91314805302521,FALSE,"None","Cyno","9530537","≥14/Term"
"Antithrombin",0.0380172949061084,0.91314805302521,FALSE,"None","Cyno","9530537","≥14/Term"
"MMP-9",-7.60225284379518,0.0526871188829319,FALSE,"None","AGM","9530537","4"
"MPO",-6.24883486391803,0.192279840539539,FALSE,"None","AGM","9530537","4"
"IL-18",-6.05693967149681,0.121845850801921,FALSE,"None","AGM","9530537","4"
"MIP-1B",5.10217213298939,4.16313424773957e-06,TRUE,"Up","AGM","9530537","4"
"MIG",4.44646015782947,0.00891294388273942,TRUE,"Up","AGM","9530537","4"
"I-TAC",4.39568756568615,1.1984404925502e-09,TRUE,"Up","AGM","9530537","4"
"IP-10",4.31561754575993,2.15220752802849e-13,TRUE,"Up","AGM","9530537","4"
"OPN",-4.11301217783651,0.661595741373458,FALSE,"None","AGM","9530537","4"
"Myoglobin",3.52836240614276,0.0178963235684114,TRUE,"Up","AGM","9530537","4"
"IL-6",3.04944537430274,0.216889697511425,FALSE,"None","AGM","9530537","4"
"Fibrinogen",-2.93253419184209,0.183650248081389,FALSE,"None","AGM","9530537","4"
"Eotaxin",2.74152528753209,4.16862505613664e-06,TRUE,"Up","AGM","9530537","4"
"PSGL-1",-2.20899693745019,0.584845828171147,FALSE,"None","AGM","9530537","4"
"MCP-1",1.91045608475237,0.0526871188829319,FALSE,"None","AGM","9530537","4"
"D-dimer",1.68929820876338,0.41510207816903,FALSE,"None","AGM","9530537","4"
"Factor XIII",-1.61753439269637,0.506114755980842,FALSE,"None","AGM","9530537","4"
"LIGHT",-1.51352385961585,0.900591282969602,FALSE,"None","AGM","9530537","4"
"GM-CSF",1.45834526877363,0.735419898710639,FALSE,"None","AGM","9530537","4"
"MRP8/14",1.35052714021782,0.0526871188829319,FALSE,"None","AGM","9530537","4"
"sCD40L",-0.736778401074421,0.506114755980842,FALSE,"None","AGM","9530537","4"
"PIGF",-0.670535826283833,0.849331810043261,FALSE,"None","AGM","9530537","4"
"Antithrombin",-0.537226180938152,0.358639083340914,FALSE,"None","AGM","9530537","4"
"tPA",0.480144864039486,0.830034224255102,FALSE,"None","AGM","9530537","4"
"Factor IX",-0.461119292621044,0.993237654344754,FALSE,"None","AGM","9530537","4"
"PAI-1",-0.454672475180921,0.849331810043261,FALSE,"None","AGM","9530537","4"
"Prothrombin",-0.418753533924225,0.849986568679833,FALSE,"None","AGM","9530537","4"
"sST2",-0.374189041928002,0.993237654344754,FALSE,"None","AGM","9530537","4"
"IFN-g",0.335412336883034,0.993237654344754,FALSE,"None","AGM","9530537","4"
"IFN-B",0.323992153671214,0.878019422712614,FALSE,"None","AGM","9530537","4"
"Cystatin C",0.304867478612131,0.993237654344754,FALSE,"None","AGM","9530537","4"
"RANTES",-0.290186464289894,0.993237654344754,FALSE,"None","AGM","9530537","4"
"TIE-2",-0.261949033523862,0.849331810043261,FALSE,"None","AGM","9530537","4"
"P-Selectin",-0.226987814286312,0.830108906743253,FALSE,"None","AGM","9530537","4"
"IL-8",-0.216747414075106,0.993237654344754,FALSE,"None","AGM","9530537","4"
"sFlt-1",-0.203738505493348,0.993237654344754,FALSE,"None","AGM","9530537","4"
"IL-17A",0.187396820123924,0.993237654344754,FALSE,"None","AGM","9530537","4"
"TIE-1",-0.16196375492007,0.993237654344754,FALSE,"None","AGM","9530537","4"
"TNF-a",0.1451147575033,0.993237654344754,FALSE,"None","AGM","9530537","4"
"NGAL",-0.12026495671534,0.993237654344754,FALSE,"None","AGM","9530537","4"
"IL-10",0.118171465081028,0.993237654344754,FALSE,"None","AGM","9530537","4"
"sRAGE",-0.113411565574742,0.993237654344754,FALSE,"None","AGM","9530537","4"
"IL-1B",-0.100909850632377,0.993237654344754,FALSE,"None","AGM","9530537","4"
"IGFBP-4",0.0910878881224448,0.993237654344754,FALSE,"None","AGM","9530537","4"
"ICAM-1",-0.0899447662800537,0.993237654344754,FALSE,"None","AGM","9530537","4"
"VCAM-1",-0.0871505507893868,0.993237654344754,FALSE,"None","AGM","9530537","4"
"Tissue factor",-0.0854256429546378,0.993237654344754,FALSE,"None","AGM","9530537","4"
"MMP-2",-0.0158035005259158,0.993237654344754,FALSE,"None","AGM","9530537","4"
"IL-12p40",0.0118727281225883,0.993237654344754,FALSE,"None","AGM","9530537","4"
"IL-23",0.00648995833227595,0.993237654344754,FALSE,"None","AGM","9530537","4"
"MIG",7.27460158482713,1.84901383526339e-06,TRUE,"Up","AGM","9530537","7"
"MIP-1B",6.58426305718229,3.07796928644771e-09,TRUE,"Up","AGM","9530537","7"
"I-TAC",6.23892240281323,4.61614778677857e-16,TRUE,"Up","AGM","9530537","7"
"IL-6",5.23149058404338,0.00683529037885236,TRUE,"Up","AGM","9530537","7"
"IP-10",5.08801434436529,7.65487209933161e-17,TRUE,"Up","AGM","9530537","7"
"PSGL-1",-4.12309218808917,0.0829381695616485,FALSE,"None","AGM","9530537","7"
"GM-CSF",3.97556957104251,0.022850488608216,TRUE,"Up","AGM","9530537","7"
"IFN-g",3.93803307491479,6.80505881014884e-05,TRUE,"Up","AGM","9530537","7"
"IL-18",-3.82451302165826,0.468598702467187,FALSE,"None","AGM","9530537","7"
"MCP-1",3.71121596719277,1.04663106067631e-05,TRUE,"Up","AGM","9530537","7"
"Eotaxin",3.43586047466602,8.85019504067814e-09,TRUE,"Up","AGM","9530537","7"
"MRP8/14",2.87700919734759,1.29478637660988e-06,TRUE,"Up","AGM","9530537","7"
"MPO",-2.24982991725853,0.834047645370319,FALSE,"None","AGM","9530537","7"
"Myoglobin",2.19615173958517,0.184119109078389,FALSE,"None","AGM","9530537","7"
"tPA",1.71636614813079,0.00683529037885236,TRUE,"Up","AGM","9530537","7"
"Fibrinogen",-1.53944811119173,0.615035105947667,FALSE,"None","AGM","9530537","7"
"IFN-B",1.4659995894789,0.00904277764622063,TRUE,"Up","AGM","9530537","7"
"sST2",1.45336465400381,0.435368081437805,FALSE,"None","AGM","9530537","7"
"MMP-9",1.35313198766628,0.869604768461463,FALSE,"None","AGM","9530537","7"
"D-dimer",1.29766182727801,0.615035105947667,FALSE,"None","AGM","9530537","7"
"Factor XIII",-1.20001702927803,0.625738509044787,FALSE,"None","AGM","9530537","7"
"VCAM-1",1.01208946621122,0.879365655449964,FALSE,"None","AGM","9530537","7"
"RANTES",0.99294237970053,0.506194474219124,FALSE,"None","AGM","9530537","7"
"Factor IX",-0.779974307362506,0.869604768461463,FALSE,"None","AGM","9530537","7"
"Cystatin C",0.769945594982989,0.546298754175761,FALSE,"None","AGM","9530537","7"
"PIGF",-0.725336840537061,0.732018428486465,FALSE,"None","AGM","9530537","7"
"LIGHT",-0.660726617151601,0.904847161775671,FALSE,"None","AGM","9530537","7"
"sCD40L",-0.571091143385576,0.615035105947667,FALSE,"None","AGM","9530537","7"
"PAI-1",0.568416743332811,0.625738509044787,FALSE,"None","AGM","9530537","7"
"ICAM-1",0.532605553760074,0.904847161775671,FALSE,"None","AGM","9530537","7"
"IL-23",0.524905412515173,0.834047645370319,FALSE,"None","AGM","9530537","7"
"IL-1B",0.424579465304569,0.867983423880842,FALSE,"None","AGM","9530537","7"
"Antithrombin",-0.348970781126205,0.615035105947667,FALSE,"None","AGM","9530537","7"
"Tissue factor",-0.343301993723192,0.904847161775671,FALSE,"None","AGM","9530537","7"
"OPN",0.328635876638895,0.989215342830304,FALSE,"None","AGM","9530537","7"
"IL-8",-0.300298345250583,0.904847161775671,FALSE,"None","AGM","9530537","7"
"Prothrombin",-0.294759124972678,0.869604768461463,FALSE,"None","AGM","9530537","7"
"TIE-1",0.271437630665812,0.869604768461463,FALSE,"None","AGM","9530537","7"
"P-Selectin",-0.270654334086199,0.615035105947667,FALSE,"None","AGM","9530537","7"
"IGFBP-4",0.26696648565661,0.834047645370319,FALSE,"None","AGM","9530537","7"
"NGAL",0.262519447626655,0.904847161775671,FALSE,"None","AGM","9530537","7"
"sFlt-1",-0.217633642854043,0.877689528076824,FALSE,"None","AGM","9530537","7"
"TIE-2",-0.20013694792415,0.867983423880842,FALSE,"None","AGM","9530537","7"
"MMP-2",-0.120000101165676,0.869604768461463,FALSE,"None","AGM","9530537","7"
"TNF-a",-0.0944646542972221,0.989215342830304,FALSE,"None","AGM","9530537","7"
"IL-12p40",-0.0564025821600893,0.989215342830304,FALSE,"None","AGM","9530537","7"
"IL-17A",0.0262813133909079,0.989215342830304,FALSE,"None","AGM","9530537","7"
"sRAGE",0.019733064495048,0.989215342830304,FALSE,"None","AGM","9530537","7"
"IL-10",-0.0107704414809353,0.989215342830304,FALSE,"None","AGM","9530537","7"
"MIG",8.0478998192522,1.19360243866703e-07,TRUE,"Up","AGM","9530537","10"
"MIP-1B",7.00269194172599,2.7707724296057e-10,TRUE,"Up","AGM","9530537","10"
"I-TAC",6.85825236601384,3.48461385705406e-18,TRUE,"Up","AGM","9530537","10"
"IP-10",5.69547848312587,1.73019442260592e-19,TRUE,"Up","AGM","9530537","10"
"IL-6",5.20452987028701,0.0060105803409149,TRUE,"Up","AGM","9530537","10"
"GM-CSF",5.0696683225167,0.00239621662530353,TRUE,"Up","AGM","9530537","10"
"MCP-1",4.25183301032807,3.83399891783414e-07,TRUE,"Up","AGM","9530537","10"
"PSGL-1",-4.222514705757,0.0584539559872443,FALSE,"None","AGM","9530537","10"
"OPN",4.12617454358854,0.5451442036231,FALSE,"None","AGM","9530537","10"
"MRP8/14",3.9984800077858,8.65548495606232e-11,TRUE,"Up","AGM","9530537","10"
"IFN-g",3.62345431590383,0.000249389407332629,TRUE,"Up","AGM","9530537","10"
"Eotaxin",3.51581818607082,3.39472485345311e-09,TRUE,"Up","AGM","9530537","10"
"tPA",3.33703602495873,4.90811383244109e-08,TRUE,"Up","AGM","9530537","10"
"MMP-9",3.28647057449327,0.5451442036231,FALSE,"None","AGM","9530537","10"
"MPO",-2.86744393392532,0.730758449746006,FALSE,"None","AGM","9530537","10"
"D-dimer",2.75129116606544,0.048876107693955,TRUE,"Up","AGM","9530537","10"
"sST2",2.33882964786202,0.0547823657915287,FALSE,"None","AGM","9530537","10"
"PAI-1",1.97411266444506,0.00351410671534334,TRUE,"Up","AGM","9530537","10"
"Fibrinogen",-1.7218625654815,0.529780225515259,FALSE,"None","AGM","9530537","10"
"Factor XIII",-1.61108554733353,0.457249201481538,FALSE,"None","AGM","9530537","10"
"VCAM-1",1.19459777951667,0.770121125762552,FALSE,"None","AGM","9530537","10"
"IFN-B",1.15652219551237,0.048876107693955,TRUE,"Up","AGM","9530537","10"
"TNF-a",-1.09389300228644,0.743674904152582,FALSE,"None","AGM","9530537","10"
"IL-23",0.972214937239007,0.505448944609033,FALSE,"None","AGM","9530537","10"
"LIGHT",-0.811177778036484,0.821021090525078,FALSE,"None","AGM","9530537","10"
"Factor IX",-0.698066860946968,0.776487865696275,FALSE,"None","AGM","9530537","10"
"Antithrombin",-0.671462537871314,0.121395049108352,FALSE,"None","AGM","9530537","10"
"Tissue factor",0.577533788158811,0.770121125762552,FALSE,"None","AGM","9530537","10"
"IL-8",-0.523940072924072,0.770121125762552,FALSE,"None","AGM","9530537","10"
"Prothrombin",-0.473177145055878,0.743674904152582,FALSE,"None","AGM","9530537","10"
"IL-12p40",-0.471105767664891,0.770121125762552,FALSE,"None","AGM","9530537","10"
"MMP-2",0.470395112830253,0.128132957074564,FALSE,"None","AGM","9530537","10"
"ICAM-1",0.462559131217621,0.893575913960912,FALSE,"None","AGM","9530537","10"
"RANTES",0.437094758715277,0.770121125762552,FALSE,"None","AGM","9530537","10"
"IL-1B",0.429764744429829,0.770121125762552,FALSE,"None","AGM","9530537","10"
"PIGF",-0.420922494310251,0.770121125762552,FALSE,"None","AGM","9530537","10"
"IL-18",0.386869691047031,0.919277838043506,FALSE,"None","AGM","9530537","10"
"IL-17A",-0.385601381949019,0.770121125762552,FALSE,"None","AGM","9530537","10"
"Myoglobin",0.376170162499932,0.821021090525078,FALSE,"None","AGM","9530537","10"
"Cystatin C",0.364313576356899,0.770121125762552,FALSE,"None","AGM","9530537","10"
"TIE-1",0.340174013619169,0.770121125762552,FALSE,"None","AGM","9530537","10"
"sCD40L",-0.292539228336258,0.770121125762552,FALSE,"None","AGM","9530537","10"
"IGFBP-4",0.264162450461942,0.770121125762552,FALSE,"None","AGM","9530537","10"
"TIE-2",-0.227796541869637,0.770121125762552,FALSE,"None","AGM","9530537","10"
"sFlt-1",-0.220394269146485,0.776487865696275,FALSE,"None","AGM","9530537","10"
"P-Selectin",0.160534770064977,0.770121125762552,FALSE,"None","AGM","9530537","10"
"NGAL",0.116725634234552,0.919277838043506,FALSE,"None","AGM","9530537","10"
"IL-10",-0.0775606431922267,0.922459168680721,FALSE,"None","AGM","9530537","10"
"sRAGE",-0.0630209442772554,0.919277838043506,FALSE,"None","AGM","9530537","10"
"IL-6",8.22554777007255,4.10615119797097e-07,TRUE,"Up","AGM","9530537","≥14/Term"
"MIG",8.03982225868033,3.59309575071442e-09,TRUE,"Up","AGM","9530537","≥14/Term"
"MMP-9",7.67604541921797,0.0100407382052588,TRUE,"Up","AGM","9530537","≥14/Term"
"I-TAC",7.34910811237814,1.06848093008511e-22,TRUE,"Up","AGM","9530537","≥14/Term"
"MIP-1B",6.86901649123813,6.99260382701418e-12,TRUE,"Up","AGM","9530537","≥14/Term"
"GM-CSF",5.57464058134339,8.22659949510689e-05,TRUE,"Up","AGM","9530537","≥14/Term"
"IP-10",4.94352391230909,2.31064770041358e-19,TRUE,"Up","AGM","9530537","≥14/Term"
"sST2",4.53712637865325,3.37031267868893e-06,TRUE,"Up","AGM","9530537","≥14/Term"
"MCP-1",4.26590313034194,1.08985175637509e-08,TRUE,"Up","AGM","9530537","≥14/Term"
"PSGL-1",-3.52373364827914,0.0591526079748345,FALSE,"None","AGM","9530537","≥14/Term"
"tPA",3.4688643906923,3.74215388581274e-10,TRUE,"Up","AGM","9530537","≥14/Term"
"Eotaxin",3.31553110448441,3.74215388581274e-10,TRUE,"Up","AGM","9530537","≥14/Term"
"OPN",3.13146789328327,0.472207371438035,FALSE,"None","AGM","9530537","≥14/Term"
"MPO",3.04871473618634,0.411941933015267,FALSE,"None","AGM","9530537","≥14/Term"
"MRP8/14",3.04517864164034,5.98773794433179e-09,TRUE,"Up","AGM","9530537","≥14/Term"
"NGAL",2.56989768141057,0.00790114871641838,TRUE,"Up","AGM","9530537","≥14/Term"
"PAI-1",2.41682353974999,2.67676886601551e-05,TRUE,"Up","AGM","9530537","≥14/Term"
"IFN-g",2.36902192087781,0.00721653957656434,TRUE,"Up","AGM","9530537","≥14/Term"
"IL-8",2.25790838248181,0.030928744888443,TRUE,"Up","AGM","9530537","≥14/Term"
"RANTES",2.06729589668833,0.00683269714949512,TRUE,"Up","AGM","9530537","≥14/Term"
"Myoglobin",1.93184975746483,0.109396888667086,FALSE,"None","AGM","9530537","≥14/Term"
"IL-10",1.66791593971859,0.0459080445544974,TRUE,"Up","AGM","9530537","≥14/Term"
"Tissue factor",1.45412742688873,0.167560423491619,FALSE,"None","AGM","9530537","≥14/Term"
"IL-23",1.27882265951375,0.120106515556879,FALSE,"None","AGM","9530537","≥14/Term"
"VCAM-1",1.26980094965785,0.723055819917155,FALSE,"None","AGM","9530537","≥14/Term"
"IFN-B",0.986783327239542,0.044867552644545,FALSE,"None","AGM","9530537","≥14/Term"
"IGFBP-4",0.984667877538332,0.0121149882015673,FALSE,"None","AGM","9530537","≥14/Term"
"IL-18",0.976115476628636,0.772671176816909,FALSE,"None","AGM","9530537","≥14/Term"
"LIGHT",-0.926512320616609,0.759915071862376,FALSE,"None","AGM","9530537","≥14/Term"
"TIE-1",0.767363978042503,0.188542195330812,FALSE,"None","AGM","9530537","≥14/Term"
"PIGF",0.766970993436937,0.44890005029363,FALSE,"None","AGM","9530537","≥14/Term"
"Prothrombin",-0.747535719315483,0.211724865661766,FALSE,"None","AGM","9530537","≥14/Term"
"D-dimer",-0.745654272795818,0.613637736607936,FALSE,"None","AGM","9530537","≥14/Term"
"Cystatin C",0.712095331512394,0.285345543876854,FALSE,"None","AGM","9530537","≥14/Term"
"Factor IX",0.646728848223994,0.759915071862376,FALSE,"None","AGM","9530537","≥14/Term"
"Fibrinogen",0.639215640191804,0.754868121895297,FALSE,"None","AGM","9530537","≥14/Term"
"IL-12p40",0.516363816463693,0.662840416416671,FALSE,"None","AGM","9530537","≥14/Term"
"TIE-2",-0.508710020969719,0.158043076136667,FALSE,"None","AGM","9530537","≥14/Term"
"Antithrombin",-0.506526687396036,0.15389094695306,FALSE,"None","AGM","9530537","≥14/Term"
"MMP-2",0.494466002743103,0.0457498710467891,FALSE,"None","AGM","9530537","≥14/Term"
"P-Selectin",0.485153058953809,0.0700631654482941,FALSE,"None","AGM","9530537","≥14/Term"
"IL-1B",0.46442999507578,0.613637736607936,FALSE,"None","AGM","9530537","≥14/Term"
"TNF-a",0.306046092154141,0.850815531346351,FALSE,"None","AGM","9530537","≥14/Term"
"IL-17A",0.251569550316302,0.785263351646365,FALSE,"None","AGM","9530537","≥14/Term"
"ICAM-1",0.223489418421511,0.920070771949544,FALSE,"None","AGM","9530537","≥14/Term"
"sFlt-1",0.220978394683062,0.754868121895297,FALSE,"None","AGM","9530537","≥14/Term"
"sCD40L",-0.0894438358181304,0.905775243197576,FALSE,"None","AGM","9530537","≥14/Term"
"sRAGE",0.0561882769120867,0.920070771949544,FALSE,"None","AGM","9530537","≥14/Term"
"Factor XIII",0.0140379100233829,0.989326323097403,FALSE,"None","AGM","9530537","≥14/Term"
